,date_day,transactions_count,average_transaction_value,average_fee,address_count
0,25/04/2022,277417,2915891765,4620.82,661219
1,12/09/2021,192691,2329416774,4445.43,425250
2,17/04/2022,207324,1612003968,2576.47,451184
3,8/10/2018,248041,334094260.2,6771.46,449776
4,7/01/2021,401744,684829820,30345.88,738186
5,31/12/2018,259684,327280185.9,6126.07,382687
6,10/04/2022,216446,1569627644,3155.38,457481
7,3/02/2019,300171,230285177.8,4911.61,350045
8,25/07/2019,336536,588432968.7,16688.11,517919
9,3/03/2023,355273,267688753.3,7850.33,681895
10,6/12/2021,284467,1916209918,4565.63,693695
11,12/02/2019,271573,1169676646,12636.02,592770
12,19/03/2021,316180,388648415.4,36795.32,674945
13,6/10/2023,298650,354940362.7,14252.95,585537
14,16/01/2023,302804,273550454.1,3402.09,656781
15,21/08/2021,219407,1105576777,5205.1,493347
16,22/08/2019,322453,3635748528,16746.25,524026
17,22/04/2020,278755,310483250.7,9102.37,446013
18,24/10/2020,306774,606396847.3,30590.02,738183
19,21/08/2023,550074,184945992.9,3013.39,643231
20,7/08/2020,326499,313129833.4,42024.36,684181
21,29/06/2022,265079,1746033877,5083.22,607363
22,30/05/2023,515246,196380406.9,15500.71,631437
23,25/05/2019,338398,233993259.8,37860.39,464432
24,19/12/2018,302392,505185954.8,10889.7,502238
25,6/05/2021,311380,580997301.4,35172.62,788083
26,5/02/2022,258646,1365320604,5462.19,577548
27,22/11/2019,310539,506320693.5,12887.58,520864
28,7/08/2022,196161,634997271,5660.34,453885
29,29/11/2023,360588,243224690.1,17654.88,599409
30,9/12/2019,313629,379132004.7,6957.49,529656
31,21/01/2020,315210,211455802.9,6509.64,512576
32,2/03/2023,330047,247952232.5,7253.06,559872
33,3/07/2023,328114,283004283.4,7767.94,637929
34,1/09/2021,280865,1471360164,6316.86,601081
35,11/05/2020,305839,380612017.1,28970.94,653335
36,16/11/2018,283124,404137991.6,13042.8,469214
37,18/08/2018,190935,348491937.2,8617.23,333867
38,22/05/2021,223800,1056155434,45746.81,543814
39,29/10/2021,305733,1014632927,5120.86,641638
40,20/05/2019,381582,319639072.8,48770.62,531758
41,21/11/2023,522593,183802839.6,32997.8,658976
42,9/10/2023,283648,264009966.3,7008.54,677816
43,12/01/2023,315980,343222177.3,5226.77,714803
44,23/03/2019,251573,302479727.4,7134.65,386794
45,13/08/2019,370747,345607235,20253.83,607454
46,23/10/2019,349320,381617615.4,8894.54,498897
47,15/03/2021,292231,446375846.3,38663.05,683870
48,19/06/2023,415604,230337651.2,7515.97,626522
49,13/12/2019,322888,222602763.4,6959.43,489108
50,31/10/2023,433751,182966811.1,4204.97,719903
51,24/07/2021,198091,758488953.5,6470.23,454029
52,29/04/2022,286563,1874547680,4754.7,668236
53,20/02/2023,270081,258344966.3,6619.13,604582
54,15/07/2018,161151,463207920,9480.68,362518
55,23/01/2022,203986,2801977829,3767.23,455675
56,12/08/2019,297446,373117020.4,16992.53,415018
57,12/04/2022,278839,1802417648,3842.57,639005
58,14/03/2020,279828,407342157.4,18892.5,507588
59,5/09/2021,205066,1060012218,5110.93,450992
60,25/01/2023,306681,276148779.4,4221.56,618303
61,20/09/2021,270233,2073315382,5138.87,691662
62,20/10/2020,330563,1270629815,23215.61,604965
63,27/08/2018,223656,434998399.6,14600.91,470142
64,6/11/2021,236233,1841216362,4557.04,486613
65,20/07/2022,260195,989432035.7,9855.56,575950
66,3/06/2021,255621,478359982.3,19513.5,664762
67,2/01/2023,229347,299376492.8,3847.57,574530
68,26/02/2020,329967,266409897.8,8879.41,516535
69,23/11/2022,273997,463881993.8,10529.26,695731
70,12/11/2020,324855,603732563.9,31660.35,682307
71,24/01/2022,270712,2493011174,4298.87,636673
72,3/08/2020,333753,338859061,38999.86,721520
73,14/04/2019,337030,298459613.3,17038.17,394824
74,21/11/2021,222949,1608800596,4140.23,543592
75,8/05/2019,393081,325992898.3,28571.12,555566
76,7/05/2022,231623,1855826367,5949.87,489969
77,17/10/2020,275069,881118197.4,12882.03,540163
78,22/03/2023,297575,352897690.2,11879.84,570385
79,23/08/2022,256928,2016349952,4472.1,642567
80,5/06/2023,359254,427583615.1,16144.89,554988
81,24/03/2020,278131,501609650.7,16087.23,474028
82,17/09/2021,271040,1287299252,5527.19,616924
83,29/09/2023,330269,269259138.1,8890.68,704563
84,19/10/2022,263517,890025541.7,6348.73,627084
85,9/03/2021,299682,650955374.1,35082.9,625189
86,13/11/2020,300040,526119193.4,33517.74,622047
87,8/06/2019,294369,315852669,24922.71,407473
88,20/08/2020,333683,553235290.8,39153.09,614902
89,29/04/2020,331401,541986167.3,15608.46,552986
90,19/03/2020,265689,496567922.9,25765.84,439292
91,20/08/2023,612461,98447639.53,2446.68,666684
92,10/12/2020,313649,626793048.9,23221.14,608064
93,21/05/2023,486625,109231152.4,14683.98,507666
94,14/04/2021,297494,613612112.4,45777.37,622746
95,2/07/2019,373409,393364113.9,31571.17,587653
96,9/07/2023,594265,121308591.2,2218.57,712890
97,15/04/2020,310253,282396781.1,8555.67,646431
98,10/01/2019,327338,355534516.6,7895.55,436173
99,2/06/2022,264901,850928370.7,7371,611771
100,21/01/2019,315202,492841508.8,6319.46,395630
101,5/01/2023,279391,314948302.9,5108,621190
102,19/04/2023,301722,260381285,6928.87,661429
103,25/06/2020,312183,380398766.8,12839.69,574088
104,26/10/2018,253002,326114679.9,7081.01,482428
105,17/07/2023,428612,201805209.3,4018.31,627680
106,25/01/2022,265128,2140800010,4093.23,560614
107,19/11/2022,260694,455888673.2,10378.38,773020
108,22/08/2021,190631,949262015.6,6098.79,460505
109,13/03/2022,208092,1667827709,3254.26,464080
110,10/01/2023,302809,322257913.7,3685.32,843400
111,13/05/2023,575640,91547970.64,18898.96,408561
112,16/12/2021,256206,1350196433,4086.83,494408
113,23/06/2021,232704,783343643.2,24083.43,497730
114,23/09/2021,268689,1625817094,5129.69,573398
115,23/02/2023,290728,288753315.8,6543.27,769401
116,4/04/2022,275106,1287716719,4562.26,626315
117,2/10/2022,213646,560529202.4,4227.45,564431
118,27/06/2022,258883,1151570486,5558.43,657011
119,16/02/2020,292236,329206152.5,7391.07,424646
120,11/06/2020,332490,301071315.7,11607.08,726867
121,29/11/2022,271512,347366587,8562.31,650678
122,31/07/2020,356906,284072160,48093.22,670339
123,6/09/2021,268877,1325254936,6398.22,651084
124,29/10/2019,307953,487332990.2,11518.07,486435
125,4/06/2023,364020,264279579.9,10574.11,613644
126,10/05/2019,322963,421211251.2,38315.11,469099
127,28/12/2021,265422,1234452079,6729.16,648425
128,8/11/2022,295778,719358536.9,7396.94,725038
129,20/01/2022,271265,1302044361,3665.65,587060
130,1/12/2023,496468,208242109.9,19975.48,716680
131,7/02/2022,262034,1801657799,5551.12,568471
132,15/10/2021,297746,1293094000,6813.16,616915
133,4/03/2021,289631,524287613.9,39000.46,574630
134,11/09/2020,308323,1015436301,30866.04,611803
135,1/11/2021,293282,1106997631,5219.78,702718
136,22/09/2019,318713,536595856.6,6440.68,368331
137,25/01/2020,285584,170430855.8,3989.46,439922
138,6/04/2019,359569,215513034.6,22484.58,463366
139,6/05/2022,286887,2941956034,5912.3,704058
140,4/06/2021,236672,434621695,17890.31,581117
141,28/09/2019,314433,213634929.5,7367.19,416026
142,10/11/2019,299712,228090564.1,7963.12,375403
143,29/10/2018,269754,299773598.7,7267.43,488375
144,2/01/2022,196865,1140762926,4702.47,441880
145,20/09/2019,340929,255941637.6,9397.28,480783
146,8/02/2019,335280,875491814.5,6236.74,465405
147,23/02/2022,251275,1431993723,3210.48,535787
148,29/01/2022,231038,1692828748,5337.22,508546
149,10/12/2018,258353,413961052.7,8892.03,424356
150,3/11/2022,297039,1154147346,6369.81,680936
151,15/08/2023,583063,137521560.4,3132.21,745908
152,4/04/2021,246007,470798651.3,27314.79,678629
153,31/10/2022,284125,739730741.2,5423.16,675491
154,24/08/2019,304481,148462528.4,9882.72,489066
155,9/02/2023,369499,223961391.1,5832.51,668252
156,14/01/2021,338809,571083206.1,41738.21,681961
157,24/02/2019,320446,297204781.5,9223.21,377313
158,15/08/2019,355644,422027108.1,15140.98,473646
159,12/05/2020,345215,349108266.8,31809.72,615633
160,6/05/2019,378476,306161459.7,20162.89,511630
161,2/12/2023,429362,175063758,14807.68,500088
162,24/06/2023,361437,201671022.3,9336.5,720523
163,17/02/2022,255573,1434258060,3880.66,575554
164,24/08/2020,329133,566378644.7,23835.23,573198
165,25/12/2022,205314,279983194.3,6676.68,501615
166,22/01/2021,323868,617879592,35391.8,651145
167,15/09/2023,703692,122448034.7,4635.26,877942
168,17/03/2022,278800,1473632741,3769.34,640608
169,9/09/2018,188912,380414791.9,9724.26,340071
170,27/08/2019,325984,275333424,10424.86,484325
171,7/12/2020,300906,516445691.8,22751.46,636463
172,10/02/2023,300092,460446504.4,8951.46,520213
173,9/11/2020,326383,656887219.9,43555.73,843450
174,8/12/2023,411456,240180561,37075.71,574486
175,4/10/2021,268955,1382461903,5100.98,702928
176,24/04/2020,320055,394985891.5,11579.75,575945
177,6/02/2023,301977,222248984.3,6102.32,579986
178,23/11/2020,297840,754377589.8,18985.31,614210
179,11/07/2018,202603,416281172.7,10089.93,433826
180,19/06/2022,199777,2525585993,6441.18,468801
181,7/07/2020,345975,286650250.4,11772.29,617317
182,14/08/2018,247622,472590924.2,10683.96,447292
183,14/04/2023,315959,325639456.5,8779.53,663954
184,1/01/2022,186834,1240105838,4984.77,411035
185,19/05/2019,346859,256942702.8,36230.08,492656
186,26/05/2021,230753,963279803.5,33735.92,570920
187,21/10/2021,320743,1359816935,6321.84,760647
188,26/11/2022,229735,345883778.2,10297.12,579643
189,23/11/2019,306424,329363068,7032.1,453025
190,7/05/2021,307988,630094761.9,33886.99,761910
191,1/08/2021,185157,1777067228,5191.71,415714
192,16/11/2019,283468,244681787.4,8090.28,436391
193,29/09/2022,267342,1038484043,5564.55,579098
194,16/11/2020,311477,1161935782,26794.18,663155
195,9/01/2020,322057,375175228.7,9247.18,527305
196,3/01/2023,272055,303694767.4,4678.4,681745
197,2/04/2023,341622,220439557.2,7162.07,692435
198,22/02/2022,260265,1828393797,3516.61,570063
199,2/05/2023,457708,146938398.4,24937.56,462039
200,30/07/2018,230924,378331453.8,10643.28,428778
201,28/07/2020,354742,357894880.3,52875.44,641602
202,22/05/2020,278784,353961190.9,56904.1,484961
203,15/03/2019,296970,460395859.6,10480.68,481249
204,24/01/2020,313887,220246972.3,5129.5,501427
205,25/07/2021,174535,839112933.2,5576.83,413455
206,1/11/2018,281941,328258045,6192.57,478043
207,26/06/2021,181628,977563467,16194.38,433947
208,18/10/2023,271345,303682208.4,7041.6,629808
209,7/09/2023,537939,129333430.6,5868.72,691069
210,16/02/2021,296388,848745772.9,40495.79,552393
211,27/10/2022,267995,990146305,6477.56,592308
212,22/06/2022,255472,1270934026,6636.81,573696
213,7/02/2021,286364,715354739.3,29574.55,730979
214,11/08/2021,262437,859946843.3,5054.04,548125
215,11/12/2018,251487,489223786.3,9272.45,437430
216,16/07/2022,226638,1204537033,8064.74,506765
217,21/08/2022,205435,1088731118,3856.5,495485
218,15/11/2021,288435,1513323987,4389.23,713178
219,20/11/2022,229923,710571476.8,8455.52,722799
220,22/08/2018,230333,392899590.4,10538.73,429124
221,17/05/2021,250910,1031463602,30365.1,577490
222,3/04/2021,281717,476686749.1,29795.46,616025
223,24/11/2019,267368,307886233.8,6363.78,344907
224,28/08/2019,341200,260346607.1,9926.82,468655
225,28/02/2019,367827,418573362.5,8236.46,478517
226,3/05/2020,281752,258476464.1,20330.05,627935
227,29/01/2019,326162,479831610.9,7097.64,428381
228,26/06/2022,206755,663861660.1,6161.71,417990
229,19/08/2018,167400,357059353.8,10182.71,324034
230,1/05/2020,340574,315643863.8,32356.16,583302
231,26/04/2019,381209,391821645.8,23988.8,501404
232,21/12/2021,304713,889427512.4,3904.07,610321
233,5/09/2023,462093,153678696.5,5279.65,581328
234,20/09/2020,259095,911022876.5,12740.43,529030
235,21/05/2022,225225,677678010.5,5341.68,485395
236,16/04/2023,232268,273053328.9,6866.18,552896
237,20/02/2022,200535,1702017102,2856.32,441421
238,19/08/2023,519780,127605607.8,3212.78,594851
239,18/05/2023,476704,175014616,22424.85,492493
240,19/02/2023,240406,207078959.4,6402.62,638814
241,31/07/2022,209042,749630886,5236.5,490823
242,30/10/2018,283327,299763348.4,6625.35,481580
243,26/01/2023,296263,264465060.3,4082.87,599794
244,9/04/2020,286706,384385206.9,8125.38,466059
245,20/10/2023,295888,345860352.7,6807.74,600937
246,10/08/2021,260968,704250682.4,5348.4,572234
247,8/03/2021,291955,671417388.8,31014.11,753577
248,3/04/2023,332870,319784375.5,8323.12,616091
249,27/08/2023,413594,190251335.2,3257.29,548131
250,17/01/2020,323992,344215823.3,7498.1,509933
251,10/08/2018,226148,430029401.8,9027.06,450911
252,21/06/2022,254438,1641986403,6410.67,602292
253,16/05/2020,296555,198257773.6,36524.94,560697
254,28/02/2023,332358,252594248.3,7768.26,596064
255,17/09/2020,348581,1188969144,20354.11,753726
256,22/10/2018,255324,343021837.6,6540.52,469225
257,12/02/2023,262528,270282974.9,7319.55,533350
258,7/12/2019,285284,334977275.5,6329.34,442213
259,17/06/2019,321072,844295020.7,36689.53,488116
260,11/08/2020,349952,297831388,43344.24,688961
261,10/10/2023,285060,291762779.1,6039.12,604678
262,22/02/2020,304597,189360308.9,6015.94,434018
263,30/12/2023,533823,116579242.4,49509.81,510504
264,2/06/2021,250589,460119113.3,20405.16,733402
265,29/08/2020,292783,598224339.7,22491.91,658936
266,29/10/2022,252661,730913037.1,5804.28,564208
267,30/12/2021,245021,1287355659,7205.11,579092
268,7/10/2020,370554,569579114.1,30001.92,666058
269,5/12/2018,256501,667550399.4,10257.7,420923
270,31/10/2018,288283,322828979.3,5776.37,487011
271,15/08/2022,241934,1425494073,4346.96,608376
272,27/11/2022,222672,311182010.8,7985.17,578560
273,17/03/2023,338823,339073586.7,12546.76,669576
274,12/01/2019,281502,284417245.6,6082.64,343898
275,10/02/2022,260813,2055213545,7507.52,649482
276,6/02/2022,219196,1390307071,4684.21,608042
277,9/04/2023,278404,212083530.7,6072.75,650635
278,1/05/2019,439549,264102938,14930.13,499927
279,7/04/2021,321319,529485324.3,31448.63,745277
280,17/05/2022,278496,1445256851,6790.49,700626
281,2/12/2019,314730,274620970.4,8289.99,482756
282,18/11/2019,304671,436384904.1,9133.52,447305
283,6/08/2020,356612,334875621.7,55023.53,720288
284,21/07/2019,283934,376023407.5,13225.32,349346
285,8/10/2021,280028,1430282478,7380.61,617113
286,9/08/2020,268402,260023117.8,23348.83,626603
287,3/02/2022,265344,1360301938,4001.19,595229
288,16/09/2020,342609,890534268.3,22671.06,676617
289,1/02/2022,272984,1427715162,5386.87,695684
290,22/08/2023,420857,249963287.9,4469.71,638599
291,15/02/2019,296729,725153283.7,8919.07,412027
292,1/07/2022,271874,1836656689,6657.21,571581
293,22/08/2022,250534,2052587928,4210.25,579726
294,7/07/2022,281435,938627732.2,8664.28,684577
295,3/04/2022,225564,1306762353,4626.58,490403
296,18/03/2021,331718,393497897.1,41369.05,679494
297,23/07/2021,231130,758126336,8359.19,494114
298,15/11/2023,561942,147653841.2,23853.63,600940
299,10/11/2022,292831,1338555239,8311.21,659646
300,27/12/2022,239359,309428054.5,9964.94,563808
301,16/10/2019,338473,308242026.9,8608.21,490955
302,18/12/2018,266245,514660326.4,9982.67,450192
303,16/10/2023,299782,327041390.8,6851.01,709222
304,21/06/2023,363280,335472762.2,12081.1,571950
305,8/11/2023,583201,147355844.3,20245.23,621020
306,18/09/2021,227661,1323785527,5092.36,522694
307,18/06/2019,394843,726629597.3,29515.09,628865
308,21/04/2022,282438,1937707314,3849.55,626791
309,7/06/2021,235479,916322050.4,14674.88,578052
310,16/02/2022,266788,1467240853,3780.97,570584
311,17/07/2021,182047,1021176263,6927.72,395278
312,20/06/2019,330103,1028339187,33873.08,526642
313,11/09/2021,218445,2555655484,4960.81,565059
314,13/06/2021,187098,632466070,12406.32,521407
315,15/01/2021,344002,504529839.2,42782.64,749754
316,28/03/2023,316281,361978396.8,8857.62,624126
317,22/08/2020,311699,435682459,29999.14,600093
318,15/05/2019,368901,587588342.2,52143.82,533105
319,25/05/2020,265875,413500319.4,34744.26,542768
320,16/02/2023,344711,292810128.4,9071.58,751606
321,17/03/2021,296119,492967286.9,35746.17,613083
322,2/06/2023,479437,261864566.8,15614.57,634430
323,25/06/2023,382769,202607820.6,7676.91,686175
324,4/08/2021,239596,990717261,6290.36,549409
325,19/05/2022,262479,1049152142,6510.89,554246
326,18/09/2022,212396,922808049.8,5732.77,509882
327,16/10/2021,270052,1088886852,5809.59,586966
328,12/11/2023,703327,87391119.11,16461.24,664291
329,12/11/2021,282049,1430459086,5277.51,607905
330,17/11/2019,264370,238519417.8,7974.14,390681
331,19/08/2020,333879,565238123.2,44202.31,595276
332,16/01/2019,305702,326558355.5,8203.83,442841
333,21/05/2019,380889,280472190.1,53160.22,574427
334,26/12/2021,198574,1240790668,3904.54,438992
335,20/11/2023,640670,145918896.3,27738.7,743838
336,10/10/2018,244945,424561264,6382.63,434139
337,23/08/2023,417822,254559427.5,4626.27,620874
338,5/01/2022,272155,1499762844,5820.11,648041
339,4/05/2020,326098,279859231.6,20564.02,569073
340,9/02/2020,317070,179918919.8,6251.55,445238
341,6/08/2018,218607,575746892,8119.82,453932
342,25/04/2023,369843,215540309.3,7223.57,577159
343,3/09/2020,310922,881830568.5,43199.19,579700
344,16/05/2022,272134,1669751309,7721.86,762371
345,10/05/2023,671668,126056538,50585.66,532403
346,19/08/2021,253447,1018509612,5093.39,575182
347,20/09/2022,269773,1669124716,5464.15,674087
348,8/06/2020,317275,309959615.1,13150.26,663239
349,15/11/2022,283090,955557354,12827.41,590856
350,17/09/2022,247863,751398572.5,6796.88,619751
351,20/08/2021,271837,846520229.2,5792.73,631327
352,23/09/2019,288149,515588285.8,11173.18,458290
353,24/02/2020,328890,247134144.1,6970.19,514771
354,5/08/2022,268463,1650381779,7298.66,586068
355,4/10/2023,287430,341603293.7,9168.63,574884
356,12/09/2022,268971,901545781.7,4823.9,684404
357,21/10/2022,270741,688041166.9,4356.16,605555
358,8/08/2018,235311,563744979.6,8818.48,436194
359,21/03/2020,245896,285874659.5,19146.62,419886
360,7/04/2019,350631,237156590.4,24389.3,404608
361,14/11/2020,273511,695664630,21628.23,578035
362,11/11/2021,293665,1318783789,5297.07,682822
363,2/04/2019,401507,853927116.6,28515.02,574167
364,2/04/2021,305788,452906657.1,29238.66,637588
365,23/03/2021,314234,579174746.9,25882.19,776190
366,18/11/2020,362007,809506801.7,26971.49,750804
367,26/12/2023,553693,142991267.2,30307.71,469699
368,26/04/2022,273297,2765702497,4137.54,598765
369,10/12/2019,320064,358570589.6,7255.48,555088
370,18/10/2021,285368,1412390201,5547,638378
371,25/10/2019,328598,410167277,10982.02,534075
372,12/10/2023,267090,284623442.6,9274.63,586494
373,30/04/2021,289389,791782729.5,49482.16,705075
374,25/03/2020,218176,409601179.8,20809.7,336359
375,29/05/2023,550324,159874503.5,12925.22,594456
376,23/12/2023,608479,74636060.26,33347.99,591588
377,26/01/2019,288285,331398341.8,6896.02,395057
378,5/03/2022,225321,1160967660,4997.61,494759
379,13/02/2021,336624,452797795.6,42888.98,761905
380,8/07/2022,268331,1395463220,8517.57,620204
381,12/04/2021,291369,575632242.9,31497.06,676869
382,13/02/2023,299329,291457916.1,8104.53,614946
383,5/07/2023,496227,172281704.1,4331.7,650246
384,21/09/2019,336013,215719551.2,6964.16,424164
385,20/12/2018,287273,460293212.6,9617.36,445513
386,25/04/2019,384089,440576609.4,24551.83,482788
387,10/09/2023,558395,114050049.7,8428.08,712685
388,16/07/2018,207842,584403037.1,11361,394719
389,16/07/2020,345849,284564397.8,22599.04,592272
390,1/04/2023,319646,246241157.8,9862,668145
391,14/02/2023,302653,252409574.8,8529.43,542590
392,10/11/2018,252499,232560859.7,6593.77,401332
393,28/01/2021,325146,670998547.3,26418.97,669302
394,28/05/2023,496158,126941478.3,12610.62,604797
395,14/08/2019,359997,397081955.8,16306.16,514768
396,6/06/2023,462072,292840326.4,17945.82,591794
397,12/03/2020,349978,671560261.5,16906.29,604780
398,13/04/2023,332042,234403404.6,7810.85,684496
399,27/01/2023,303179,260085368,4717.45,603707
400,2/10/2023,344263,321250838.4,7923.33,691405
401,14/07/2020,359847,252899618.5,17494.78,615292
402,9/10/2021,246189,1298699781,5965.6,690877
403,2/09/2018,187145,441618033.1,8711.6,320520
404,22/02/2023,282319,287903104.1,6535.36,599488
405,20/02/2021,320475,685091740.2,46125.47,690630
406,14/03/2019,299929,472534667.3,12524.42,512197
407,12/04/2019,376767,398703858.9,26691.75,512938
408,5/03/2021,317780,560018862.2,35988.39,684956
409,14/06/2020,275723,173727510.8,5910.6,437832
410,2/07/2023,309920,190116083.8,7677.73,756496
411,15/04/2023,276185,277918936.1,7674.77,740807
412,15/12/2023,632636,120431318.4,66579.06,525784
413,10/07/2020,345996,280079549.4,13993.84,655262
414,19/01/2020,283960,222063242.1,5816.87,416990
415,24/07/2023,529923,141929931.6,4991.08,644079
416,10/07/2023,507115,180055692.1,3203.44,617339
417,25/09/2021,212575,2452878111,4021.89,416266
418,11/12/2020,304735,466491304.2,23133.64,676855
419,4/02/2020,309190,289796843.4,7680.03,517030
420,19/06/2020,347436,419427645.7,14470.21,621503
421,22/02/2021,285383,697777442.9,46179.55,617620
422,12/08/2023,503934,145829434.1,3853.95,636768
423,7/01/2022,255381,1417214247,5600.63,626772
424,1/08/2019,335943,299313915.4,13910.83,506661
425,16/12/2019,327085,234208633.3,6775.99,543538
426,17/08/2018,233794,368056046.3,10643.66,451325
427,4/06/2019,374763,464292120,58146.87,574184
428,18/03/2022,261318,1292447559,4054.4,603632
429,10/08/2020,308367,332113131.4,43346.45,598289
430,3/07/2021,237463,545890809.4,24931.26,682677
431,27/09/2021,255873,1665960073,4949.27,568753
432,10/08/2023,358039,262712250.4,6877.12,574757
433,26/02/2019,366568,469544609.8,9778.59,476172
434,11/04/2022,276623,2072556521,3798.41,619196
435,2/09/2023,539748,112300969.4,4309.79,645197
436,30/09/2019,311396,355271615.7,13170.78,481876
437,5/02/2020,368604,229793169.6,6902.1,570796
438,20/07/2023,400400,215679855.2,5682.98,574574
439,12/09/2020,300152,864276600.9,19362.11,594161
440,25/04/2021,241041,679260547,48243.8,679243
441,22/11/2018,266116,381793702.4,14705.7,452744
442,18/08/2022,291921,847020604,5119.57,689797
443,15/06/2023,423069,220069261.1,9696.12,592940
444,21/11/2022,270779,644398628.6,9367.67,656694
445,11/11/2023,627529,110132359.4,18229.84,708761
446,21/10/2020,311292,1225002315,37470.64,599812
447,18/06/2020,280603,276669806.8,15709.99,535388
448,11/06/2019,340449,637275493.5,32482.75,555281
449,4/03/2022,262101,1356111999,5845.84,609594
450,5/04/2021,289046,606231434.1,32678.9,781662
451,16/03/2021,319493,457619407.7,34543.86,682619
452,28/02/2022,270918,1595876528,3447.76,606688
453,18/05/2020,273723,388237649,59881.56,621365
454,5/03/2023,286638,203368652.6,6109.06,687628
455,14/08/2020,365679,393694193.7,29138.37,710679
456,13/10/2019,279487,150410856.5,5789.48,331890
457,2/03/2019,335864,435634131.4,7539.22,418216
458,24/02/2022,254139,1685937355,4032.72,604349
459,30/08/2020,269114,651523662.6,23820.89,544754
460,20/10/2019,289796,258183738,5467.1,358201
461,16/07/2023,595145,115250326.5,2592.65,646675
462,4/07/2021,171850,923682393,25272.42,585359
463,4/11/2020,320697,637493145.3,63933.41,785400
464,3/12/2018,240652,617617205.2,12934.3,388022
465,25/03/2023,290197,255368696.5,10543.13,566886
466,19/10/2018,253826,378300355,6957.03,478913
467,16/07/2019,363337,676652507.5,17256.28,511739
468,1/08/2023,412219,183634595.2,4483.09,654498
469,31/12/2021,269540,1182623711,6704.86,744791
470,17/12/2018,298823,401307219.1,7019.38,497960
471,13/06/2023,410483,243948181.1,9073.7,618565
472,30/05/2021,179795,602084208.9,20364.6,723606
473,27/06/2023,434858,227531078.9,7279.89,643443
474,10/03/2023,329334,302429111.8,13343.46,582291
475,11/01/2019,308372,389454381.2,7866.86,420427
476,7/08/2023,427534,209063302.9,5307.07,616738
477,1/11/2022,276192,765039247.6,5413.56,659644
478,27/06/2020,275489,209817672.3,8495.49,500566
479,5/11/2023,673375,81293830.48,10584.29,776930
480,24/09/2019,353263,369425401.1,10887.5,571009
481,18/08/2023,423207,237921497.6,5199.16,617881
482,23/05/2019,389343,313352569.9,42112.72,537171
483,17/08/2022,256127,1361517162,5927.42,566111
484,16/06/2020,340517,397574873.4,14859,635391
485,19/11/2021,284719,1617846779,4636.62,602128
486,11/12/2019,291248,414374569.8,8447.87,553881
487,25/10/2018,254599,396528963.4,6889.24,460892
488,12/09/2018,233275,375112810.2,10251.6,417001
489,20/06/2020,284123,191525669.2,10562.34,490014
490,23/10/2023,301780,378775519.7,5634.16,731671
491,1/03/2019,354422,386758939.9,8601.64,484020
492,26/08/2023,497513,116154846.4,3233.24,606993
493,23/05/2021,194320,1148036957,41893.15,624878
494,15/12/2018,262879,308770976.3,6989.22,429866
495,15/09/2020,332957,859098054.3,23166.26,591004
496,1/10/2022,241993,599218364.6,5087.91,583654
497,15/02/2021,311322,762869423.2,39634.12,708696
498,27/05/2021,214035,926494086.6,30889.7,500956
499,13/08/2023,497112,125331303.3,2712.22,609050
500,9/03/2022,272805,2761314069,4127.97,579230
501,24/05/2022,235866,1087538043,6855.76,508693
502,18/09/2018,244259,420599153.2,7784.23,441315
503,25/12/2019,244666,243380695.1,5367.3,359283
504,13/07/2022,222657,2392672187,10340.07,451085
505,30/01/2023,309909,298126139.5,3643.69,636292
506,10/02/2020,298104,350629728.7,9252.03,454414
507,11/12/2022,217788,288849935.2,3761.58,501397
508,5/02/2019,354069,781030480.6,4860.86,415149
509,3/09/2019,370631,280314503,10516.75,525816
510,1/09/2019,285468,302076420.2,7027.85,365270
511,5/11/2021,285946,1515904831,6126.14,690422
512,2/04/2020,299176,337755772.1,8361.1,532399
513,13/03/2021,277072,432556675.6,42189.71,654220
514,21/02/2022,237402,2101595545,4024.99,543195
515,27/07/2022,255930,1465684852,4746.79,577439
516,27/03/2021,288259,428067519.5,23115.09,733604
517,7/07/2019,313273,228768109.7,14561.28,385032
518,9/08/2023,506746,172160657.3,5345.65,720734
519,21/04/2019,390735,204249648.7,12876.45,487690
520,20/03/2020,284594,473354971.8,28106.69,444765
521,6/10/2021,267749,1842479555,6729.71,527927
522,8/10/2023,242440,261027650.3,6349.86,506025
523,8/09/2022,262863,1878177846,5854.32,616504
524,8/04/2021,278534,539260509.9,32879.12,626379
525,16/11/2022,268373,819082138.6,13236.38,558668
526,1/01/2019,234725,233572127.4,4783.77,285311
527,22/07/2018,167129,347902728.9,8838.87,287640
528,6/03/2023,316016,243437058.9,7603.24,571881
529,27/03/2023,296557,377171366.7,7808.47,700430
530,8/02/2021,335223,675293867.3,40024.79,762454
531,22/01/2019,296040,394547447.5,7059.98,403461
532,27/03/2019,383186,338634533.9,12531.91,518687
533,5/11/2019,332839,348531035.6,13139.18,535706
534,27/02/2020,338781,290994887.7,7957.84,530526
535,12/06/2019,328464,398877956.9,33145.11,514956
536,10/12/2022,241668,279243593.4,5072.64,643059
537,10/07/2021,187263,990921710.9,10250.53,424541
538,13/07/2021,229916,659057072.3,13801.59,531260
539,29/07/2023,423119,126679579.1,3815.54,582107
540,4/05/2021,300824,758505569.3,33041.46,885318
541,14/12/2021,278275,3186258315,4208.84,584009
542,25/12/2018,265052,404528133.2,6899.3,330896
543,10/06/2020,325163,367679014.8,11805.01,588912
544,8/03/2019,285264,460301570.8,12106.05,483206
545,10/03/2019,212877,310817887,8966.06,339362
546,10/05/2020,286789,280161214.1,22062.76,585892
547,22/11/2022,253235,603545709.4,10575.96,611100
548,3/10/2020,310855,699477958.6,23131.75,672426
549,7/07/2018,170160,358077030,9737.71,301936
550,24/10/2018,254091,394564029.7,6667.57,425269
551,26/07/2019,319612,306994856.3,14554.83,482017
552,24/05/2019,373882,366529866.3,51321.85,569502
553,4/09/2022,204538,1232712595,5118.16,510663
554,7/12/2018,253890,567791672.9,12286.96,452217
555,7/06/2019,350011,415196697.2,30425.46,577248
556,6/04/2023,354019,291191627.5,9298.41,639073
557,14/10/2019,304466,269286373.9,7823.64,446406
558,15/02/2023,325460,250073168.4,10861.25,626597
559,28/10/2022,283035,643035251.3,6615.53,625677
560,4/12/2021,253674,1724361825,6880.49,565499
561,26/02/2021,306416,675283789.8,48587.03,630218
562,23/02/2019,328239,303504192.2,7750.27,377154
563,18/02/2023,276798,218769208.1,7206.77,735489
564,8/06/2021,246906,1023836491,14275.56,642555
565,2/10/2021,259961,1235352878,4202.13,639018
566,17/01/2021,271874,524480374.4,24390.3,635210
567,27/09/2018,248686,364167664.5,9511.39,439526
568,13/07/2018,207904,425691847,9396.23,718880
569,13/06/2022,272503,2918809310,10329.38,566113
570,30/04/2023,568516,118939376.2,8380.85,453396
571,31/01/2021,290753,684889860.8,34579.14,673149
572,27/05/2020,292927,377680033.4,26593.33,608270
573,22/05/2019,394887,296633519.7,44756.68,572886
574,19/09/2023,493887,173536294.2,9505.52,704068
575,15/12/2022,276713,374027378.4,7353.66,602843
576,18/05/2019,359704,231094286.8,37471.73,570699
577,9/09/2019,316852,276430793.5,10323.93,518921
578,3/12/2021,290139,1207503727,4578.01,620019
579,26/07/2018,231679,379551864.5,10307.46,429982
580,28/04/2019,383291,224619520.2,12511.1,375364
581,19/01/2023,298919,272417957.6,5427.66,618890
582,5/04/2020,240259,229531853.1,5681.12,365238
583,11/10/2019,345425,216326790.2,8056.78,478576
584,29/07/2018,168407,391636990.9,9305.3,305206
585,28/04/2021,277126,723798711.8,49053.18,690789
586,17/05/2023,583454,143291581.1,15959.05,513358
587,8/10/2019,336354,253206300.7,8223.24,475180
588,28/06/2022,248080,1606900109,5682.77,592138
589,20/07/2020,309747,293454243.2,25371.86,595261
590,30/06/2022,271213,1742333453,6107.19,631249
591,9/11/2018,283896,301478222,7900.42,472068
592,23/06/2023,374001,283135306.2,10726.04,609506
593,4/03/2023,306300,187188211.2,6590.47,562746
594,8/08/2023,331194,271256893.8,8790.35,555606
595,4/11/2021,289141,1457202917,5666.55,644252
596,23/08/2018,217352,402588605.2,8883.46,377407
597,29/12/2022,265955,326642699.7,7738.84,632409
598,19/08/2019,330473,263739324.4,12609.04,458604
599,2/02/2020,290879,237391954.1,5826.75,493871
600,13/04/2022,276968,1860099539,4283.08,595268
601,24/07/2019,295589,511577446.8,16884.55,493149
602,24/07/2022,199919,850444222.1,5341.11,464213
603,4/12/2020,318894,597224322.5,34109.82,682367
604,7/03/2022,255441,1404735558,4416.19,584627
605,23/05/2023,519870,182258702.6,13416.11,539217
606,25/02/2020,334593,260953821.9,7335.73,487023
607,16/06/2022,251253,5351063531,9298.66,571175
608,28/11/2019,309623,246510213.5,8452.86,458067
609,28/09/2018,254239,423660937.8,11374.44,454363
610,14/05/2022,290225,1585887594,8820.58,687235
611,30/07/2019,328375,641086672.5,18341.05,490124
612,26/11/2018,257062,502346101,14890.96,426703
613,19/10/2023,282007,306152056.1,6612.85,600186
614,30/11/2023,411882,216586737.6,17129.25,602589
615,28/12/2019,298287,229347746.1,4627.73,399026
616,12/09/2019,335868,246214545.2,8786.81,484088
617,19/08/2022,279910,1622732408,4940.53,649637
618,22/09/2020,312989,888965933.9,23698.12,584524
619,7/11/2018,293734,298642595.5,6924.09,480229
620,8/12/2019,278853,261685510.9,5201.12,380652
621,11/12/2023,525486,188122940.8,26188.46,683919
622,13/09/2019,308856,226783775.1,8916.92,509568
623,6/02/2020,315370,497354350.4,8595.1,500360
624,1/01/2023,187516,296805942.7,3793.15,465005
625,11/09/2018,237571,387772490,9796.95,457060
626,24/06/2022,254348,1437499962,6353.76,566971
627,25/08/2022,260460,1249115320,4183.75,612673
628,13/06/2020,280181,207563015.1,7524.9,538944
629,31/01/2022,263410,1492965417,4944.12,635934
630,19/04/2020,251984,216689899.9,6178.83,468690
631,30/05/2019,376874,324625809.8,49938.84,551497
632,7/02/2023,300429,209808676.5,7390.13,563543
633,29/07/2021,262612,995025800.6,5709.97,575832
634,30/07/2023,645854,96761596.23,2652.44,729433
635,28/06/2019,407094,360157939.7,44772.08,656578
636,2/05/2021,235214,634406589.3,36120.46,913308
637,11/01/2020,309070,192255897.9,5948.01,416729
638,20/11/2019,321086,248886069.9,8522.25,450677
639,12/08/2020,346405,281674640,36094.41,699435
640,27/04/2022,287105,2368854127,3888.79,612715
641,5/06/2021,194580,393148237,15233.25,469404
642,17/05/2019,361654,377504011.5,62840.89,581371
643,27/02/2019,344560,408267702.9,9479.68,464681
644,19/09/2022,253795,1910878153,5167.6,586366
645,9/10/2020,339343,813105629.3,32646.59,638396
646,12/10/2022,261196,911094210.4,3610.46,572967
647,11/03/2021,291245,578970889.5,38139.09,601483
648,25/06/2022,218017,811652704.1,6138.75,461656
649,18/12/2022,212673,332330548.4,5445.41,530174
650,5/01/2021,354091,624108719.7,32016.03,737866
651,10/08/2019,304138,573860455.5,13050.11,398612
652,1/12/2018,241847,514892901.1,12866.53,405066
653,9/03/2023,336854,250460236.7,13298.42,553220
654,12/07/2020,282364,240090422.6,8706.93,488785
655,2/04/2022,254442,1580055310,5088.72,589758
656,23/11/2018,275261,419975806.9,13436.1,426707
657,3/10/2018,242303,325967150.7,8817.26,410749
658,23/04/2019,311753,725818145,30947.97,445725
659,14/08/2023,568517,150852336,3199.08,696375
660,21/04/2021,226021,854292731.5,113161.08,465067
661,20/08/2019,333304,2925614150,14008.26,491436
662,28/06/2023,331278,281175296.4,9017.97,514654
663,9/07/2021,227511,1506193730,11813.52,551592
664,30/03/2022,272864,1349043674,4094.61,586501
665,18/09/2019,363185,237796673.5,9396.28,607630
666,20/01/2023,295822,279416136.4,6611.37,577598
667,22/04/2022,260930,2106831657,4203.67,582766
668,22/07/2021,230282,785371279,6170.9,515240
669,16/05/2021,219435,833150920.4,23740.13,644279
670,31/01/2023,313500,289613266.7,5937.81,595725
671,15/01/2023,252086,298280342.4,3165.45,504141
672,3/11/2023,452354,186616851.6,7306.85,581021
673,6/04/2022,273640,2304875347,3760.73,579354
674,26/11/2023,578484,116287323.3,14026.27,687484
675,8/04/2023,318505,182908766.7,6874.47,525566
676,9/12/2020,321079,612674708.7,22566.81,640715
677,13/04/2020,288113,341544169.3,5811.54,518160
678,4/02/2019,335288,626123058.4,5096.55,409788
679,21/12/2018,280588,456288663.1,11033.62,452570
680,19/12/2020,343536,484637498.4,34921.39,716950
681,23/03/2022,264182,1262152950,4098.27,614284
682,26/04/2020,252833,206618291.5,8207.16,452848
683,7/03/2019,282523,465652798.2,13506.46,470185
684,14/05/2020,268750,423580567.5,54174,531173
685,12/02/2021,343306,624384058.7,58956.01,631437
686,30/06/2023,445197,257665757.6,7794.92,715830
687,26/02/2023,277103,198471774.1,5435.61,612646
688,4/04/2019,354660,360408931.2,43552.57,521684
689,2/07/2020,339469,303560670.8,16500.49,632924
690,3/03/2019,353683,408824954.2,6046.18,372703
691,23/08/2021,270736,1171677872,5295.51,653986
692,17/06/2022,251574,4656775097,8669.35,535708
693,25/02/2021,326116,709429124,46770.88,723478
694,12/02/2022,228189,1397079753,5424.15,759815
695,22/12/2023,625531,134459546.2,51874.05,663997
696,10/12/2021,271375,1109556308,4269.93,537414
697,8/05/2023,575051,139096359.9,110486.51,368528
698,30/01/2019,321980,696932341.3,6591.55,413822
699,22/10/2023,252457,251675450.3,4901.42,513748
700,27/12/2020,309005,813868456.2,29770.81,667393
701,28/05/2019,390427,338862232.4,49420.33,624405
702,18/04/2022,246421,2196241845,3456,603421
703,2/10/2018,244772,511540708.7,10508.84,474469
704,25/11/2022,258341,587487065.8,10471.82,635154
705,26/12/2019,296063,236447553.7,6387.86,423514
706,24/12/2018,272297,404539291.5,8452.96,403593
707,17/10/2023,294257,295892593.4,6608.35,616575
708,24/06/2019,388342,429974421.4,26290.81,656017
709,26/08/2020,324184,600872455.7,33460.07,643536
710,6/05/2023,601134,145071320.9,30281.87,416565
711,23/04/2023,432760,112503439.7,3159.93,546778
712,2/07/2021,188568,919071189.4,32859.81,461372
713,13/09/2023,512446,131504278.9,6074.53,743803
714,4/10/2020,268019,700227395.5,20831.29,621321
715,10/11/2020,303270,712366548.3,51055.93,657138
716,24/06/2021,233278,796479053.5,20582.56,524544
717,28/12/2023,417180,167612090.3,55580.73,531007
718,26/03/2021,293610,495816587,27669.87,634881
719,18/12/2020,375549,648642012.9,52049.49,694062
720,19/12/2022,259096,404706570.7,6973.89,669016
721,14/12/2022,276441,496347211.5,5460.48,620691
722,5/11/2022,257198,743713838.3,6228.36,625532
723,20/07/2018,225529,404742710.9,10237.17,436568
724,10/04/2020,288585,376866535.8,7203.03,482127
725,8/08/2022,256582,2158316490,6049.85,589449
726,13/01/2020,291597,235977029.7,6046.37,450753
727,25/09/2023,285750,285910410.9,11676.46,781532
728,24/02/2023,294562,288542954.1,6292.5,611501
729,18/07/2020,311022,212151154.5,24536.09,553523
730,4/10/2019,337222,213171424,8244.92,458633
731,1/07/2020,382570,283546281.1,16422.02,713786
732,21/11/2019,323954,498683178.6,11377.99,523091
733,25/12/2023,535741,90071760.34,31523.88,461466
734,12/06/2022,215473,1097895537,4505.47,477920
735,5/01/2020,287779,195837172.4,4130.64,377443
736,9/08/2019,341125,394948890.5,19152.52,495681
737,15/05/2020,310642,323303582.4,52078.92,542503
738,16/04/2019,358517,499599712.7,21357.06,522293
739,31/08/2023,437435,187256817.4,6067.33,631767
740,25/08/2020,304409,531084880.1,29569.53,576738
741,4/06/2022,218629,604106924.5,5751.78,491251
742,28/08/2020,352722,613966518.4,29296.5,705176
743,15/05/2023,526379,136376225.2,17062.56,502703
744,20/04/2019,319840,337313159.3,18162.53,478555
745,17/06/2023,475252,142345030.3,8443.7,560306
746,1/04/2022,284105,1209093342,6908.94,655723
747,30/12/2019,324497,304202930.9,4900.76,490687
748,6/02/2019,349596,1049695147,6233.06,478588
749,25/09/2022,212009,852007978.6,4959.17,504470
750,8/04/2020,286563,264909723.8,7908.48,507613
751,1/06/2022,272165,1295212264,6912.33,606237
752,2/02/2021,367835,537694795.1,40400.14,714022
753,1/01/2020,251735,176267535.9,3960.91,328016
754,3/05/2019,383032,330679035.6,21218.14,535217
755,6/07/2022,267118,1260303105,9166.21,614052
756,29/11/2018,246226,475834334,18305.29,408932
757,1/10/2021,277042,1608995603,5865.81,587459
758,6/12/2019,315386,725530059.2,7937.23,507280
759,27/02/2021,320784,522908951.7,32517.07,731805
760,24/12/2020,269559,784749811.3,39482.8,587216
761,1/01/2021,258080,621276606.4,18964.16,648759
762,30/11/2018,250157,741294719.1,16301.01,393448
763,13/02/2022,208977,1574351032,4166.8,491815
764,25/11/2019,279470,470730925.4,11516.42,425844
765,14/09/2019,299894,204369225.7,7010.72,428902
766,31/08/2019,342195,227923860.6,7024.48,392485
767,6/06/2020,284873,174895780.1,11207.21,506682
768,9/02/2021,360137,944339765.3,54533.24,627769
769,18/01/2019,305965,290520615.1,6836.72,412407
770,18/07/2018,238769,475844741,13329.49,570026
771,16/11/2023,628426,138419552,50516.06,578126
772,22/10/2019,341464,333791213.3,6506.08,476922
773,5/05/2020,329075,331164001.5,21848.74,648553
774,18/04/2023,312522,255604838.5,6515.86,827409
775,1/02/2023,345561,263746443.2,6394.96,713992
776,5/09/2020,325523,746096587.2,36829.85,599248
777,31/03/2023,308386,349229989.7,10553.93,649394
778,3/05/2021,287007,752859438.9,38646.07,869334
779,19/12/2019,319555,313845765.6,8986.08,495415
780,17/02/2023,321260,289438054.5,8304.26,711649
781,14/03/2023,327892,356347344.6,11335.72,647032
782,10/07/2022,199369,904029840.9,6387.87,450113
783,12/05/2023,509159,188733220.2,34064.69,467855
784,18/07/2021,161122,727997874.6,7486.96,415975
785,15/09/2022,277041,1469597439,6246.73,630050
786,6/07/2023,392688,236413822.8,5022.81,637404
787,25/10/2023,476549,218880494.4,8586.7,722676
788,18/04/2020,289134,211541547.7,6662.51,594698
789,30/08/2021,250955,1601020954,4995.84,589353
790,15/06/2022,296312,5971639074,8695.55,709945
791,20/01/2021,314809,642050323.9,29694.38,641399
792,18/06/2023,439868,171592399,6933.09,626979
793,31/07/2023,445666,178914071.1,3738.17,604374
794,13/08/2021,260624,637922719.6,9047.42,578174
795,7/06/2020,252368,178887962.6,10432.81,442406
796,8/09/2019,288507,242793900.9,7537.87,361317
797,4/10/2022,278744,886319484.6,3678.81,637060
798,30/09/2020,351417,679630742.8,27037.95,723588
799,26/06/2023,403979,257843513.5,8016.47,706002
800,28/12/2020,308983,641096034.8,32215.39,737513
801,19/06/2021,187042,577141919.9,13169.98,414478
802,23/01/2019,293494,400935601.3,7725.13,464273
803,1/02/2020,303724,268937564.3,5755.75,478142
804,2/12/2022,271725,299740014.3,10590.84,613657
805,5/07/2022,245829,1487522939,8025.71,531124
806,27/05/2023,471633,114748550.9,13163.97,583885
807,21/09/2023,431540,165293077.3,10971.5,766162
808,6/08/2023,607275,83134160.24,2784.62,701983
809,19/07/2022,279950,1188543655,9531.83,681874
810,24/03/2022,262987,1346615476,4325.61,582582
811,8/08/2021,191623,916911938.3,5133.63,464146
812,10/04/2019,396501,397394243.7,28192.97,509995
813,25/07/2018,250208,397859272.3,10720.75,546412
814,17/06/2020,333547,280446227.5,14328.61,585410
815,8/12/2020,330970,489115414.7,21811.79,654277
816,10/06/2021,252983,558123049.1,18329.82,545148
817,24/09/2021,277565,1529779937,5812.04,637284
818,9/01/2023,287347,366438236.4,3781.71,654123
819,21/09/2020,297605,1161547480,20600.53,588014
820,2/08/2022,266968,1441976711,5683.93,615754
821,19/07/2019,299891,437588425.1,23709.54,476014
822,21/09/2022,260924,1783921451,5368.3,611579
823,5/01/2019,265192,286911091.3,4627.24,344796
824,26/12/2022,223504,295053399.6,7848.71,520467
825,13/12/2023,587920,143287254,33464.73,426686
826,10/06/2022,261856,922493504.3,5182.72,571860
827,3/08/2018,229859,426993041.8,10099.62,439147
828,22/06/2020,301396,319241108.4,11997.33,522526
829,4/04/2023,421130,260710447.6,8033.33,725951
830,25/01/2021,309102,748531460.9,32573.55,709167
831,19/02/2020,334805,409866966.7,9387.12,537370
832,11/04/2023,385002,250046348.4,8067.21,791567
833,25/07/2022,253417,1481552221,4995.63,605250
834,17/12/2020,309481,808886181.9,52666.47,589572
835,18/01/2020,287237,175546795.7,6184.98,400597
836,29/08/2018,237508,378985238.5,9956.52,457125
837,4/04/2020,253274,338061574.4,6581.84,413147
838,25/10/2022,248540,761081258.6,6758.99,498621
839,8/10/2020,330227,612516783.5,31232.95,665546
840,26/07/2023,452746,154684635.1,4156.48,707387
841,3/12/2020,346921,438815035.5,42023.77,735008
842,4/08/2020,329032,301756168.9,33857.92,628871
843,17/10/2019,334105,305344807.2,7603.54,488486
844,3/09/2023,625257,77509105.31,3181.6,575884
845,25/11/2021,287496,1831682362,5168.15,556695
846,25/09/2018,252113,541635748.2,8058.84,442407
847,21/12/2020,269834,646177489,51351.09,715419
848,21/09/2018,273051,433167687.7,9380.15,500079
849,7/09/2020,327662,911435919.7,29517.59,759468
850,12/12/2019,311795,267619273.9,7236.76,479779
851,4/12/2023,570395,193371674.8,26340.11,664523
852,8/01/2022,223920,1259531567,4329.3,507294
853,12/01/2020,283136,176637616.9,5132.39,375123
854,13/11/2018,279160,318257737.1,6473.89,423909
855,11/07/2021,166144,1119006168,11157.23,472069
856,19/09/2019,346110,218616399.4,10558.79,480026
857,29/09/2019,285542,211948464.9,7354.98,357115
858,7/01/2023,246679,302371137.4,3403.96,517509
859,7/10/2022,270191,658659705.8,3919.28,628942
860,21/06/2021,205050,852946814.7,19637.8,490171
861,8/07/2018,155685,481626285.9,10049.01,319576
862,23/10/2018,253463,401096467.9,6542.7,471798
863,2/10/2020,315443,858774717.4,38838.14,605485
864,23/07/2023,559624,95552204.48,4565.29,620378
865,2/08/2018,224873,408968815.2,11210.34,435881
866,10/12/2023,536175,101029713.6,21417.4,542881
867,27/11/2019,317597,319042083.6,10661.41,572891
868,12/01/2022,271933,1710173371,4287.98,632614
869,6/01/2021,397384,536329039.9,32341.26,827083
870,2/01/2019,271696,362307994.4,6639.92,407555
871,9/06/2023,387084,288933975.8,18925.55,679949
872,14/10/2023,265220,272769699.4,5133.36,530602
873,20/04/2023,296683,265767475.3,7159.14,612287
874,13/08/2022,233308,757051578.5,4959.07,522442
875,14/09/2023,576215,132866713.1,5362.18,800377
876,11/04/2020,247852,245032304.4,5548.69,397411
877,11/04/2021,253449,540473732.7,24851.75,676948
878,11/09/2022,220361,594072798.7,4637.33,578461
879,17/11/2023,536644,140189284.7,45976.57,646610
880,3/09/2021,283991,1063413040,6491,675176
881,13/05/2019,390428,429522078.2,28737.82,577978
882,13/01/2021,319167,558255424.5,42792.31,710608
883,13/10/2022,281093,974546785.6,5261.99,629485
884,5/09/2022,250179,1743417926,5616.65,639068
885,15/10/2018,266945,480533463.4,8651.98,490746
886,11/11/2020,322277,640308856.2,33380.84,647248
887,9/05/2019,361569,347547677.2,29581.23,533953
888,19/04/2019,362128,564641486.9,21658.92,505504
889,20/03/2021,286948,397548666.1,29155.4,696108
890,13/09/2020,255110,1027298346,19239.3,509932
891,1/12/2019,274621,247210093.6,7977.82,379655
892,23/10/2022,217872,595666868.4,3559.59,512320
893,30/10/2021,252061,1264596928,4133,549494
894,22/11/2020,271125,703896667.6,11811.74,546632
895,17/08/2019,288256,556297125,12274.68,365154
896,23/09/2022,281419,1020751746,5600.25,660683
897,29/09/2020,347696,743963025.4,23864.21,597928
898,3/11/2020,331673,968022199.4,87227.48,614104
899,12/11/2022,239254,1049875765,6763.61,576885
900,17/02/2021,317666,654063199.5,44582.45,630336
901,14/11/2018,292755,394483132.4,8820.81,478055
902,11/11/2019,326707,243556720.9,9048.59,460716
903,17/01/2019,296695,291162282.7,7916.41,414046
904,10/10/2020,298486,625108741.8,25411.54,587813
905,22/11/2021,279165,1553110024,4408.95,572845
906,28/09/2021,262292,1354177679,5207.21,634398
907,23/06/2019,380088,263370839.3,21372.76,597273
908,12/10/2019,301693,157653577,6881.97,372159
909,1/06/2023,355986,308956226.4,19701.87,573036
910,17/11/2021,290390,2129113399,4636.77,656547
911,29/08/2021,191650,1905316694,4559.85,406111
912,14/05/2023,631677,82456547.4,13997.88,543131
913,2/07/2018,199294,500220458.1,11781.91,444107
914,3/08/2022,282037,1541515357,5522.88,635364
915,2/02/2019,322032,474437537.2,5877.11,377284
916,1/05/2022,232322,1729745121,3363.94,492649
917,5/06/2019,372948,536806863.4,42747.69,584095
918,19/12/2021,206719,1151582171,3378.27,403178
919,13/01/2022,274515,1558417325,3802.19,582307
920,16/08/2022,273896,1201504441,4306.01,689198
921,14/07/2021,236217,636826602.9,10546.83,525634
922,18/03/2020,231254,496084556.4,25414.32,376764
923,15/10/2020,340993,771537094.5,22955.92,662617
924,25/10/2021,284680,1141809775,4926.04,730688
925,7/06/2022,263641,944877097.4,4468.51,635075
926,4/01/2021,373734,514357834.7,29086.2,804719
927,11/10/2020,256096,833293281.3,20004.21,507060
928,1/12/2021,288422,1307936105,7129,662939
929,28/07/2018,188238,349187888.1,8897.68,386262
930,29/05/2019,405155,351689984.3,46175.82,578113
931,17/10/2022,260471,586493576.9,5009.31,588507
932,18/12/2021,239170,1170517025,3674.03,522177
933,18/10/2022,257694,872852362.5,6489.05,555308
934,25/09/2020,353070,803956424.9,21854.05,770794
935,16/06/2021,252937,635917291.6,15449.56,597369
936,21/01/2022,272348,1899013503,4459.93,638245
937,4/09/2018,232265,402885024.3,10378.89,431982
938,16/10/2020,324647,726678637.3,19758.26,629123
939,29/06/2020,315424,321195422,10587.26,623975
940,14/11/2023,523422,179628504.7,19371.6,608096
941,13/04/2021,310213,615967245.8,32825.75,655545
942,16/01/2022,216151,1748914378,2945.51,453358
943,25/10/2020,242273,676496457.7,26938.5,552113
944,22/03/2020,209154,384990869.5,15941.25,335120
945,4/11/2018,226247,264673511.6,5673.35,444687
946,13/03/2023,333107,348223549.2,7843.42,626997
947,1/05/2023,682281,119591188.4,10152.62,581391
948,24/05/2020,214530,277598577.4,34231.22,559489
949,15/06/2019,330954,308108446.6,23780.21,563975
950,3/01/2022,234793,1447650106,4935.81,596900
951,8/01/2021,358526,702604595.4,37786.43,679737
952,13/07/2019,304545,516121382.5,14573.28,428180
953,9/01/2021,321389,598680096.3,34401.07,630087
954,8/09/2020,332668,812655502.2,25268.99,630754
955,6/11/2023,439319,177237042.6,16944.26,643785
956,2/11/2020,224609,1142810657,93259.21,437495
957,23/06/2022,255213,1149982245,5801.63,561628
958,27/10/2018,233749,246436076.5,5602.81,409552
959,25/05/2023,460167,184384760.3,19963.72,580742
960,1/09/2023,419548,221085364.2,6233.36,667084
961,16/12/2020,315217,859704021.6,25349.04,645123
962,15/03/2020,223230,386118716.5,19848.72,434424
963,9/06/2021,210911,628499918.4,15807.07,454938
964,21/01/2021,290754,760157609.1,41335.22,629976
965,13/04/2019,367076,295320078.6,18040.19,380804
966,11/08/2018,192438,415299094.1,7997.64,364597
967,12/12/2018,261423,420705122.9,8552.34,436239
968,28/11/2023,447662,182649980.1,17604.04,667083
969,6/06/2021,185305,962529406.4,12184.74,450435
970,12/10/2021,274155,1281249394,6961.9,601994
971,22/09/2021,275235,1827589165,5093.09,571247
972,30/09/2021,293074,1496229979,5041.19,728675
973,26/08/2022,262722,1106372129,4307.51,613322
974,2/05/2020,286773,191712392,23796.55,674239
975,8/12/2021,266110,1627865921,3888.28,551656
976,16/08/2020,285069,638207029.3,21209.57,606842
977,27/12/2023,545556,140990372.9,49246.29,477666
978,24/11/2021,298909,1638012364,4689.95,685891
979,20/09/2018,253674,357724643,7198.98,437664
980,2/11/2018,292704,432716314.4,6260.49,523530
981,16/03/2022,276390,1510885615,3699.52,631861
982,4/07/2023,375807,230108445.4,6035.63,658117
983,20/03/2019,304960,430891673.9,8919.13,507790
984,17/04/2020,284222,332400260.2,8986.21,556173
985,24/04/2019,404279,502060821.8,32322.96,595155
986,8/01/2019,318524,284324047,6576.22,417321
987,11/11/2018,246991,219876574.2,5724.82,400561
988,10/01/2022,266743,1284568073,4294.75,621956
989,23/04/2022,234978,2001698135,3491.03,534757
990,18/04/2019,382981,470475585.7,18909.45,485877
991,25/08/2023,425192,183812698.5,4241.82,614386
992,27/07/2018,229397,424797378.4,9034.14,473558
993,27/01/2021,323553,616698772.6,25682.44,665302
994,2/08/2019,349556,223623119.3,12784.33,514624
995,30/07/2022,232696,775932522.4,5362.47,504298
996,15/10/2019,339698,219327693.6,7622.82,460568
997,27/01/2019,276651,265283299,5750.15,335309
998,9/09/2020,314864,1012911485,28328.36,597959
999,4/12/2019,337284,690410279.4,8759.84,495215
1000,25/06/2021,218245,1089766455,20226.34,566805
1001,11/02/2022,258595,1516062853,6474.57,603742
1002,29/06/2023,438193,260342617.6,8457.11,659176
1003,5/04/2023,346885,322007717.3,9240.29,578189
1004,29/07/2019,333619,787284531.7,11913.55,480732
1005,29/10/2023,410290,153885619.5,3313.15,602730
1006,11/07/2020,306771,199928158.9,10659.22,591689
1007,21/01/2023,287860,291276650.2,5672.46,570458
1008,18/07/2019,315745,1586648665,22836.6,461413
1009,4/01/2023,277936,314072082.8,5315.71,616970
1010,25/01/2019,301085,607330286.7,8244.65,418470
1011,28/10/2018,219860,237677107.1,7511.11,382562
1012,25/12/2020,303901,672437109.4,30432.59,662813
1013,28/01/2019,308062,532156871.7,7843.62,436768
1014,2/11/2019,284443,296940698.9,9734.9,412623
1015,24/09/2022,228040,690096975.2,4914.93,527257
1016,24/06/2020,312321,419960613.3,13562.12,621209
1017,21/04/2023,352218,237836920.3,6839.57,673232
1018,1/12/2022,285467,312134391.4,10269.92,687955
1019,7/02/2019,353046,743047935.4,4741.99,436351
1020,29/04/2019,363207,314856193.2,19535.61,515192
1021,16/12/2023,638144,88037760.68,87810.95,431640
1022,7/11/2022,264869,1482265133,5998.55,598352
1023,30/10/2023,463202,209570260.6,3912.12,782136
1024,5/09/2019,352410,352190347.9,10412,485635
1025,1/04/2021,311939,438189674.3,28850.98,652442
1026,30/11/2019,277458,270174451.5,9814.2,432872
1027,4/12/2022,219810,255436338.2,7686.78,570762
1028,26/03/2022,231031,1436224933,3543.07,494867
1029,10/06/2019,353629,412071585.5,28795.72,514383
1030,5/08/2020,291814,340345748.4,46664.16,580513
1031,14/10/2020,314541,762686180.6,23224.06,582591
1032,2/09/2022,270588,1446180510,6754.55,605429
1033,3/10/2023,310664,270000672.1,9362.99,768888
1034,19/09/2018,251037,372568187.2,6809.1,437180
1035,24/12/2022,213339,283747193.4,8268.16,452168
1036,30/08/2022,262445,1314659492,4610.68,639125
1037,28/09/2023,378975,213887575.2,7655.63,706832
1038,17/12/2019,319254,556429446.9,7181.48,649065
1039,27/09/2022,271117,1033742845,6189.88,659633
1040,24/07/2018,259358,456233602.2,11429.36,484997
1041,6/11/2020,340351,907847079.1,70496.14,679125
1042,8/07/2020,347455,313202562.3,13724.39,658519
1043,16/04/2020,322903,343074850,8869.74,567314
1044,20/06/2023,447715,236856325.2,8300.46,640306
1045,2/11/2022,257467,956086352.1,6495.15,548675
1046,9/09/2021,274384,1401458130,5146.22,574818
1047,5/10/2022,267021,803376506.1,3449.08,583251
1048,23/09/2020,349938,758157846.7,27466.7,616080
1049,11/07/2023,432293,188617690.2,3921.48,627240
1050,19/03/2019,304744,480650199.6,7320.48,507984
1051,6/07/2019,348674,201784653.6,14517.13,416793
1052,18/11/2021,293867,1872962713,4003.31,620390
1053,18/05/2021,221018,845648806.1,30388.87,473131
1054,14/01/2019,326685,288451013.3,6120.35,388447
1055,26/10/2020,252494,1122948979,44076.63,476795
1056,18/08/2020,346036,600205867.6,45696.73,607759
1057,18/08/2019,276365,349193352.7,10555.73,336958
1058,30/03/2021,321090,466586661.6,30085.89,668903
1059,29/03/2022,286940,1551300701,3470.88,600171
1060,18/01/2023,300045,299812166.7,5363.33,641593
1061,29/05/2022,207859,725749748.8,4793.04,477547
1062,25/09/2019,347747,473317977.8,12314.92,546591
1063,30/05/2022,271819,829847992.3,4906.99,625341
1064,18/12/2019,314249,370268189.9,8745.66,489740
1065,12/05/2021,300452,518528456.4,25622.81,795063
1066,11/05/2023,546549,156249442.3,35564.63,499419
1067,14/09/2018,223250,340036444,9504.56,424131
1068,18/04/2021,274735,602662586,78158.95,571590
1069,20/01/2020,313661,311770476,5656.85,487853
1070,19/05/2020,274897,428025791.7,66333.49,560607
1071,9/12/2021,282775,1106895049,4257.59,742455
1072,9/06/2019,300917,301287503.6,20932.89,358444
1073,9/10/2018,235862,317563875.9,7066.13,425197
1074,15/01/2019,302279,458765022.6,7014.58,417802
1075,25/06/2019,361385,541031300.1,33512.03,570750
1076,14/05/2021,266055,861536760.3,27530.72,637071
1077,31/03/2022,279210,1403965053,5944.97,582515
1078,27/09/2019,303903,303114677.4,11274.41,456940
1079,21/02/2021,271645,656966729.9,42372.21,631496
1080,27/04/2020,311217,332218726.1,9022.61,559442
1081,16/08/2019,323625,305251274.4,15862.58,447324
1082,10/03/2021,344688,495239202.7,31989.72,678585
1083,21/05/2021,226351,970249450.1,57879.68,503630
1084,5/10/2019,326683,152469741.5,5861.37,404619
1085,22/12/2018,251216,320621918.7,7474.23,395880
1086,27/07/2019,283892,213932936,11638.75,375535
1087,28/11/2021,213768,1504709586,3443.23,492292
1088,22/12/2022,271181,302807830.8,6320.23,604040
1089,9/11/2022,292265,1269833217,8541.49,668912
1090,27/08/2020,328157,613547073.6,37451.54,555631
1091,6/11/2022,223404,1748277319,6160.66,542547
1092,14/01/2022,270882,1429391818,3569.53,637842
1093,18/12/2023,640936,118679053,60963.5,615378
1094,2/11/2023,403541,208280995.4,5721.17,682376
1095,26/02/2022,220423,1419213134,3055.73,507223
1096,15/06/2021,241861,580390261.1,16018.47,579549
1097,17/08/2023,502274,242573313.1,3770.69,717315
1098,21/07/2023,323847,229697494.8,7081.59,529467
1099,12/04/2020,228529,215574557,5629.25,385793
1100,9/10/2019,311049,285735911.3,9762.5,449020
1101,13/02/2020,340081,314076325.1,10432.39,568812
1102,15/11/2018,291525,649026128.3,13258.27,481658
1103,10/01/2021,331865,543121780.9,27707.83,728557
1104,5/05/2022,315759,3158867475,7075.25,721502
1105,24/11/2018,250017,361775051.4,12471.14,402968
1106,5/08/2023,500723,115936745.3,4215.3,666346
1107,16/07/2021,223466,818704804.4,7736.9,479062
1108,21/11/2020,311189,612855845.6,15073.23,664047
1109,20/04/2020,310810,269683182.1,7070.78,559169
1110,28/07/2023,449225,174965746,4531.98,630942
1111,23/12/2020,338463,592665863.6,42263,684832
1112,16/06/2019,295254,458703643.1,25185.14,450773
1113,6/11/2019,314698,447510658.8,12286.51,571856
1114,10/06/2023,365369,282209432.1,13584.45,606574
1115,14/02/2019,354483,775106256,7385.52,408638
1116,15/07/2019,349111,524609285.1,18308.64,483107
1117,21/11/2018,254942,513295053.9,19592.75,411395
1118,19/01/2019,282188,224813357.7,6228.94,352975
1119,6/09/2020,262820,873245955.8,26914.69,695971
1120,23/06/2020,355256,380831951,12895.07,700074
1121,12/10/2020,314174,691477255.3,23823.41,604101
1122,4/11/2023,698917,88713069.22,11377.24,717658
1123,19/09/2021,200516,1252008094,4113.36,433161
1124,5/07/2018,199600,516785126.9,9902.81,359493
1125,26/10/2023,431256,215551387.6,6752.91,736910
1126,6/10/2018,214843,285510907,8182.14,392125
1127,11/09/2019,338276,331612809.4,10280.88,542252
1128,14/05/2019,367370,449461466.6,36118.33,567493
1129,4/08/2019,298805,190716287.7,6600.34,382137
1130,27/09/2020,259382,799029173.8,14490.27,508402
1131,15/02/2020,322721,269011970.9,8846.1,497543
1132,29/03/2021,303305,530240896,26624.22,655267
1133,27/10/2019,256253,266482540.5,13256.63,381833
1134,12/09/2023,462328,177048434.9,6711.57,720669
1135,28/09/2020,295476,776335048.2,19199.27,523833
1136,11/10/2022,266451,996819650.6,3319.01,609443
1137,13/10/2023,279518,231971980,7914.78,597965
1138,26/10/2022,306069,839916654.7,7694.27,742796
1139,20/07/2021,230509,789872484,7732.02,531833
1140,29/12/2023,581449,139884906.2,36396.66,585916
1141,22/03/2022,264569,1366873684,4084.93,557306
1142,31/08/2020,302920,890771204,30218.48,560022
1143,27/03/2020,276546,378524621.6,15034.95,586301
1144,7/04/2020,312770,375561463.5,8096.72,663414
1145,29/12/2019,279925,200300048.2,4504.51,373391
1146,18/11/2023,629266,77595348.16,50346.68,556270
1147,2/03/2020,342821,239871629,6691.25,552534
1148,11/02/2021,304739,781627756.2,60822.26,566166
1149,30/05/2020,286046,205136641.8,23923.58,633701
1150,29/06/2019,356682,386464982.2,30493.82,568119
1151,7/09/2019,314429,199703391,8497.35,401817
1152,3/10/2022,273820,884645739.3,4192.54,687807
1153,27/01/2020,279240,540086344.4,7086.08,468082
1154,11/02/2020,365583,278776940,9511.52,607410
1155,29/07/2020,346521,326546939.1,50398.2,639398
1156,6/09/2019,365531,322061754.4,10230.7,522464
1157,24/08/2022,256606,1404495995,3811.06,605848
1158,26/10/2021,294029,1195296133,4667.96,644776
1159,11/06/2023,399201,256735436.2,8794.87,605891
1160,3/06/2022,267517,754578395.2,6763.41,609805
1161,27/11/2020,322445,576123731.8,26117.62,718378
1162,1/03/2023,381932,220666525.8,6765.12,675794
1163,2/10/2019,326557,258468213,11391.65,464604
1164,22/04/2023,354752,155847673.9,4620.23,610411
1165,11/02/2023,277433,296990177.6,7997.34,521228
1166,17/10/2021,215883,1501387537,5254.09,532130
1167,3/02/2021,344425,599581194.5,38975.31,691963
1168,13/10/2018,205097,333437069.3,6477.31,402089
1169,17/11/2022,248465,647304358.8,13902.55,504539
1170,6/06/2022,268921,827814380.3,4723.21,644933
1171,23/07/2020,336245,302108001.6,40151.37,604234
1172,27/01/2022,255925,1559657900,4552.26,578740
1173,30/10/2019,314163,643952122.1,10711.45,479217
1174,14/06/2021,242416,613402837.6,15535.81,595566
1175,20/12/2019,332657,302003667.6,7658.7,467201
1176,14/11/2019,350023,347238467.3,8468.24,505318
1177,5/07/2021,223760,643897838.3,21248.48,637373
1178,13/05/2021,276472,905326124.5,25996.02,739868
1179,29/01/2021,341036,731138188,49093.26,691846
1180,23/05/2020,269230,206341256.3,40126.59,535158
1181,3/03/2021,333402,562522312.2,39801.15,681294
1182,11/05/2021,312115,386046685.9,26206.12,787119
1183,16/01/2021,308461,550775567.9,28688.21,685536
1184,14/08/2022,205350,600027637.9,3866.64,548326
1185,1/02/2021,277579,674911085.7,46009.2,549733
1186,22/10/2020,339087,1191407779,49243.45,612912
1187,20/05/2023,423736,115146634.2,20105.16,448176
1188,7/05/2023,607883,167708864.2,66446.84,287278
1189,19/04/2021,208413,614056113,103552.39,443541
1190,18/11/2018,239803,241491001.9,7521.79,358599
1191,28/06/2020,264909,257805478.1,7436.17,431876
1192,22/10/2022,233097,540970074.2,3979.32,529107
1193,14/04/2020,299391,257643616.2,7505.12,553100
1194,3/04/2019,360250,362396107.6,39445.66,562537
1195,30/03/2020,276828,365786381.7,9479.86,519245
1196,23/03/2023,295245,353648187,13247.01,547279
1197,26/05/2023,532373,135275325.3,18376.21,612102
1198,9/08/2018,222326,502363875.6,9333.23,433443
1199,25/11/2020,361990,611288569.6,27244.58,667148
1200,19/07/2018,225039,428537852.3,12809.97,449066
1201,1/07/2019,336862,623299826.9,37682.56,529641
1202,29/11/2021,301297,1379180849,3695.22,607108
1203,4/02/2021,367788,593050405.9,45375.66,739007
1204,14/01/2023,309880,297928852.6,4526.27,654758
1205,12/03/2021,320744,437642855,36546.54,700333
1206,12/06/2021,222774,453268340.4,15931.31,667126
1207,30/10/2022,222138,595568783.3,5732.61,545931
1208,8/07/2021,230719,1409720730,12689.89,499173
1209,6/12/2022,262438,307072668.6,8573.13,629296
1210,6/03/2019,277863,514867229.6,13833.02,509368
1211,13/12/2020,276160,600404735.6,14209.71,611109
1212,20/05/2020,280037,387492540.3,68664.5,535131
1213,9/07/2018,206546,507243872.8,9647.28,432079
1214,5/10/2023,319310,336693682.8,8361.43,626705
1215,27/02/2022,211164,1394786935,3287.02,471401
1216,28/01/2022,264609,1605259416,4736.64,601424
1217,26/12/2018,281305,397270403,5768.33,373160
1218,23/12/2022,273926,322764488,6342.69,561319
1219,13/09/2018,234209,478131905,8666.63,427056
1220,16/02/2019,332137,216630013.5,6733.88,406278
1221,25/02/2023,258413,220400537.7,6175.8,477483
1222,6/01/2023,276071,360866452.2,4782.08,628925
1223,14/12/2023,570985,145683049,58517.61,377692
1224,13/02/2019,352651,1065890131,10105.62,527903
1225,19/02/2019,348242,510874928.8,10507.91,479322
1226,27/08/2021,256813,1527007510,4639.84,527556
1227,6/03/2021,287963,532286011.5,27053.16,738358
1228,7/09/2021,276624,1380482208,6671.89,595852
1229,1/06/2019,332092,360910594.2,48005.34,574189
1230,12/04/2023,338102,349610208.6,7277.33,720278
1231,23/08/2020,288728,474899200.1,20471.24,627695
1232,28/05/2022,226794,694423631.5,5212,494943
1233,22/04/2021,274610,797408914.7,109058.89,676207
1234,15/10/2023,251923,206692483,4523.53,484103
1235,5/05/2021,309774,590563094.1,32253.07,777638
1236,2/06/2020,304114,514979868.5,32200.78,560038
1237,16/11/2021,301103,4024129469,4310.72,668629
1238,3/04/2020,278763,349865139.1,9264.57,488658
1239,22/03/2019,298524,587021925.4,9093.75,489215
1240,4/07/2018,206788,429824731.5,10418.66,407761
1241,4/05/2023,491123,170692561.1,23105.51,545489
1242,22/01/2020,328586,272666449.1,6597.82,540609
1243,8/11/2020,243047,616843769.8,39371.24,613470
1244,29/07/2022,281608,1216665026,5386.67,619857
1245,4/08/2022,279707,1325148365,6281.26,607109
1246,7/04/2022,269404,2055649215,3726.63,593630
1247,12/07/2019,360899,675906387.1,18682.98,599005
1248,15/02/2022,273623,1252333836,4560.91,666753
1249,5/12/2020,282599,539636482.6,24645.39,713694
1250,9/07/2019,365588,667658928,19496,520607
1251,10/10/2021,211506,1327361998,6020.43,500182
1252,30/04/2020,321972,627851084.2,33132.03,570897
1253,14/12/2019,293496,248374937.7,5234.84,413559
1254,27/06/2021,121538,1050181261,21525.76,261689
1255,14/09/2021,268127,4198358042,5531.96,622235
1256,16/03/2019,262267,324103720.4,8526.81,403890
1257,9/11/2019,306163,341885031,9616.65,494692
1258,3/10/2019,326514,246862853.7,11602.56,460469
1259,26/05/2020,295782,321989116.3,27207.34,561267
1260,21/04/2020,310851,260123183.5,7520.07,530473
1261,15/05/2022,235433,1189563282,6917.47,698394
1262,11/10/2023,264600,330840986.5,8163.47,559546
1263,4/02/2022,247946,1807337520,5628.92,510370
1264,4/11/2019,310979,304949414.5,15527.69,490637
1265,2/12/2020,327019,512495581.7,40198.51,581148
1266,17/05/2020,236808,248054935.3,42502.85,490383
1267,27/07/2023,413038,178920079,5045.16,614108
1268,1/09/2020,376508,704783884.1,33448.29,648543
1269,10/11/2023,523831,160651560.1,31236.29,716287
1270,8/03/2023,292493,296623217.3,8976.47,557454
1271,2/08/2023,390768,176185629.2,5344.82,752311
1272,3/12/2023,707876,103837415.1,20043.26,594489
1273,29/12/2018,264980,427049850.1,5778.74,390402
1274,19/09/2020,296357,965540641.9,16045.3,585018
1275,24/10/2023,373854,387536156.6,10251.06,638846
1276,16/04/2021,219704,836757040.5,63868.08,450789
1277,24/04/2023,360173,226215809.8,5708.43,678850
1278,6/10/2020,317922,684564171.9,35641.26,588202
1279,5/12/2021,215213,1355223584,10150.65,620727
1280,1/09/2018,213331,412805512.9,9005.59,388290
1281,14/07/2018,176475,418875602.3,8506.95,645664
1282,25/08/2018,196420,335470318,10723.51,377445
1283,28/03/2021,248605,370655084.3,23330.83,713207
1284,20/07/2019,323002,275712980.9,15495.23,488454
1285,18/06/2022,247890,4262532436,8445.84,610247
1286,5/09/2018,246477,390249640.1,12912.9,457208
1287,11/03/2022,252383,1635108772,4371.15,559648
1288,8/09/2023,414799,155225873,8643.84,652937
1289,28/10/2020,261340,1018772539,86730.75,439451
1290,11/05/2019,344957,364859517.2,36272.17,500455
1291,20/08/2018,214983,399331792.8,13523.09,435257
1292,19/03/2023,269131,328918479.2,10610.35,518189
1293,16/08/2018,232335,391599423.5,10350.44,422226
1294,4/12/2018,270189,822894463,11658.54,479167
1295,20/10/2022,263986,673519928.9,4842.27,596724
1296,29/03/2020,232820,277242957.6,9046.43,360591
1297,22/10/2021,287550,1226550205,5622.24,642110
1298,31/05/2020,258427,291180751.3,23614.58,545613
1299,10/05/2022,279658,3038556822,6236.53,598458
1300,25/11/2018,239256,445770820,13379.45,385659
1301,4/08/2023,318486,207220350.2,7069.48,568275
1302,22/06/2023,392041,299698328.8,11331.92,685637
1303,29/11/2019,311290,318115182.1,10506.76,474646
1304,28/12/2018,308267,409452877.8,5829.59,439476
1305,3/05/2022,277895,3172037591,3478.22,577405
1306,24/11/2023,623898,143148622.8,15676.56,778901
1307,10/03/2020,329698,325828488.9,8474.81,545490
1308,5/08/2018,172181,593123578.2,7916.05,321118
1309,8/11/2019,311441,427887890.9,13128.9,482593
1310,9/02/2019,310892,543788418.6,5710.23,384832
1311,7/12/2021,288343,1813629695,3949.06,611686
1312,18/10/2019,339390,300568414.9,7349.5,441002
1313,24/08/2023,399151,215369110.3,4373.9,660409
1314,23/04/2021,295731,738857908.2,91193.26,644736
1315,23/08/2019,340220,199560840.7,12190.33,511764
1316,31/08/2021,271163,1423417361,5067.21,581899
1317,19/12/2023,662880,111408855.7,65808.98,516576
1318,11/04/2019,402802,468216422.4,28620.79,529061
1319,26/11/2021,292645,1717040486,4979.92,611637
1320,7/10/2023,244567,330576107.1,16966.49,560316
1321,12/08/2018,165044,366489038.8,7740.52,315390
1322,26/12/2020,273954,735046042.5,25421.5,598453
1323,4/02/2023,304495,166432775,6685.07,641056
1324,7/03/2021,260739,817465720.3,27318.66,674040
1325,9/03/2019,239492,341749336.5,10248.45,388791
1326,4/03/2019,304188,585076198.6,9356.03,465807
1327,30/03/2019,377783,243911767.8,14472.26,459207
1328,2/11/2021,297402,1186104632,5884.36,659047
1329,11/09/2023,459132,160088974.1,7121.54,805568
1330,30/11/2020,256551,878786870,28188.48,519028
1331,9/06/2020,327074,268628500.4,10754.33,628918
1332,15/12/2020,320440,674193018.9,21861.11,644912
1333,14/07/2022,286894,1108155455,10984.64,632668
1334,21/02/2019,297595,363816350.4,11665.39,425923
1335,13/12/2021,278211,1094680789,4650.19,596367
1336,11/07/2019,325776,908348358.2,24362.35,489394
1337,26/03/2019,366415,336812633.8,9938.17,442492
1338,12/08/2022,273661,934178199.8,6316.97,629123
1339,29/05/2020,280960,372777319.8,33495.7,551147
1340,20/11/2021,249652,1405025023,5193.35,517284
1341,7/03/2023,362082,257752679.3,7081.69,700285
1342,14/06/2019,364383,347431565.7,32369.66,704390
1343,6/12/2020,258624,515107911.2,18716.91,591423
1344,28/10/2019,309611,627652067.8,12268.35,504522
1345,12/12/2023,543162,171666862.8,20945.7,547534
1346,1/07/2021,233683,715255270.7,31571.11,447747
1347,16/09/2022,261361,1193575639,7298.06,553743
1348,9/11/2023,573466,191653596.8,43352.3,618981
1349,23/09/2018,200319,262117574.5,7227.16,331593
1350,26/05/2019,374072,226884937.6,25633.07,430108
1351,17/12/2022,263200,299320400.8,6623.37,648519
1352,23/01/2023,293709,288802151.2,5081.53,636147
1353,3/07/2022,206333,1618377854,4846.23,453542
1354,7/08/2021,212229,889913593.5,4895.35,459478
1355,22/09/2018,225537,331533893.4,8271.8,386567
1356,9/04/2021,324720,491315927.6,35842.33,738202
1357,22/06/2021,196523,985759910.9,24320.9,433623
1358,2/07/2022,235096,1412761407,5657.12,538143
1359,28/03/2020,240627,292549202.3,11977.04,386036
1360,1/07/2023,324274,234402775.1,7845.2,629600
1361,12/08/2021,250961,754043638.7,5117.78,537531
1362,14/11/2021,224016,1354106026,3870.91,482069
1363,31/05/2023,421579,329818268,16277.87,598262
1364,8/04/2019,372417,399486242.5,35053.3,507667
1365,15/09/2021,268957,1477237346,6342.53,642773
1366,10/01/2020,330734,273796094.3,9846.32,512921
1367,22/12/2021,288495,1104729406,3761.16,620874
1368,24/09/2018,237670,331159708.7,6525.2,410539
1369,17/12/2021,263495,1153490833,4932.42,629801
1370,4/09/2020,298286,890141354,52118.93,625858
1371,19/05/2023,515474,141788150.1,22609.47,537828
1372,26/10/2019,305722,328245811.6,15653.55,522366
1373,11/03/2023,319707,293718221.4,8525.75,603409
1374,13/03/2019,285957,399515819,12604.4,496059
1375,23/10/2021,223941,1200019902,4976.75,493467
1376,16/09/2023,593144,108852719.9,4501.6,721851
1377,17/03/2020,278326,537856633.1,22366.56,493139
1378,14/12/2020,314350,660436413,18843.92,601607
1379,6/07/2021,228279,583885178.6,20621.46,533182
1380,13/09/2022,260108,1097577811,5982.47,612541
1381,30/06/2020,299733,366109071,14336.9,594581
1382,12/07/2023,478320,188967870.5,4033.2,636604
1383,24/03/2019,226166,280508309.7,6931.33,374310
1384,23/07/2022,223744,1186692872,6011.54,494394
1385,31/03/2021,332749,409767906,30792.38,726360
1386,16/12/2022,254176,441656955.5,6517.66,522149
1387,4/05/2019,355910,248721160.7,17034.97,427607
1388,12/06/2020,318274,260674768.8,9400.33,603808
1389,29/06/2021,205616,669524391.7,25849.58,439667
1390,9/02/2022,265804,2027974683,5484.79,643010
1391,19/07/2021,226803,793301319.3,8376.62,569254
1392,25/03/2019,322191,444358920.4,9063.25,481018
1393,18/02/2020,331050,316840016.2,9100.78,537547
1394,13/05/2022,269880,2506572066,11686.35,600589
1395,29/12/2020,336311,548846492.8,31474.71,721781
1396,17/07/2022,202157,845718975.7,7816.43,474106
1397,9/01/2022,210143,1262407658,3742.94,443508
1398,26/01/2022,261070,1589686362,4592.35,545377
1399,6/08/2019,368348,457380176.3,12435.32,567603
1400,13/10/2020,333215,685662067.8,22230.17,688226
1401,5/06/2020,327082,324324909,17119.79,613413
1402,15/03/2023,345059,284834990.4,9753,623964
1403,26/03/2020,292828,298878516.4,18801.47,619727
1404,21/09/2021,244568,4598146979,6041.96,531214
1405,13/12/2022,287224,439595342.3,4602.98,652790
1406,22/07/2022,263276,1230035077,8259.99,522887
1407,4/03/2020,358745,283667300,6761.73,606561
1408,31/03/2020,290227,361429394.8,10013.25,557595
1409,20/12/2022,268893,368973823.9,6713.04,646175
1410,19/10/2019,304736,277542128.1,6007.57,396663
1411,28/03/2019,393698,367496193.2,12145.58,503341
1412,28/07/2022,287254,1106588891,5619.18,688105
1413,9/07/2022,220708,1089220969,7173.24,501457
1414,8/09/2018,204428,350986115.6,9205.87,376024
1415,5/12/2019,311468,287864551.4,7461.97,489078
1416,19/02/2021,341586,692679546.1,47076.21,712634
1417,12/11/2019,301382,338000251.4,9507.95,436974
1418,11/08/2023,506538,161473624.9,4632.5,654087
1419,28/10/2021,295558,1001136293,4392.3,689163
1420,23/02/2020,285579,233714486.4,5820.01,398650
1421,21/06/2019,337741,506251071.8,37375.52,533327
1422,26/09/2020,276162,864017392.8,15053.61,648882
1423,27/05/2022,270453,1039174432,6453.73,587736
1424,3/12/2019,336512,253491236,7571.01,497426
1425,31/08/2018,237076,650744774.2,10653.24,445783
1426,18/07/2022,247895,1335274074,9000.18,551990
1427,20/03/2022,210547,1186575702,3067.7,465979
1428,16/09/2019,347341,285472101.7,8423.62,520355
1429,26/01/2021,336935,505644079.2,24266.53,766132
1430,23/07/2019,320352,376914733.3,16147.06,462383
1431,12/06/2023,370634,314923834,11469.19,670896
1432,15/08/2021,186239,952802380.6,5223.87,491248
1433,5/04/2019,387090,279264610.3,29663.15,584681
1434,1/03/2022,280634,1777922544,6923.75,656113
1435,2/05/2022,272206,2341801195,3912.49,610551
1436,15/08/2020,313760,456372601,21517.87,639589
1437,28/04/2020,323475,271972890.4,8592.91,625701
1438,6/09/2023,485357,143513268.5,6233.33,689064
1439,21/07/2018,184803,346734680.9,9403.63,340737
1440,16/03/2020,270399,593160065.5,22768.67,461701
1441,7/01/2020,344079,228160442.1,7429.08,515241
1442,11/06/2022,230002,963389461.5,4904.26,555379
1443,29/04/2023,486031,121154651.9,8812.54,475555
1444,6/01/2022,264899,1435158083,5751.02,599783
1445,3/01/2020,316517,321391714.4,5178.17,489094
1446,5/02/2023,254113,212487179.2,5500.2,509941
1447,28/10/2023,564383,110431076.1,3443.69,701363
1448,30/07/2021,255417,709094265.7,5705.46,534943
1449,21/10/2019,351791,255049626,5865,476982
1450,11/05/2022,262683,2789388124,8228.48,588336
1451,6/09/2018,252261,504175582,12403.84,469471
1452,14/02/2020,326078,320942675.6,9866.53,477565
1453,18/03/2023,296890,264355876,11764.31,612741
1454,10/02/2021,340758,634683851,49349.77,652571
1455,21/10/2018,211505,254012041.3,5893.02,379610
1456,9/09/2023,597409,92247601.19,5445.26,778960
1457,26/11/2019,321310,364672765,12408.25,516866
1458,27/04/2021,298109,767797609.2,54445.8,679579
1459,8/12/2018,231104,399531736.5,8546.96,370479
1460,22/05/2023,499281,167556754.6,14214.85,518303
1461,20/12/2021,266947,1110989449,4119.68,641292
1462,18/02/2021,316952,695063301.7,46616.62,637433
1463,17/04/2019,350737,453204863.1,21996.48,503073
1464,8/12/2022,263838,356898211.3,5638.28,601694
1465,4/07/2022,240385,1519863355,5640.98,550774
1466,15/09/2018,211071,340946087.7,7438.23,379869
1467,5/04/2022,273430,2806756849,3979.53,578775
1468,9/09/2022,290849,1420990194,6023.13,682825
1469,29/03/2023,334637,334619083.6,8228.23,625605
1470,14/07/2023,421666,224301505.8,5378.01,652441
1471,4/09/2021,227732,1223093923,5266.85,481460
1472,2/08/2021,239277,1131508277,5634.27,615262
1473,2/02/2022,278985,1195746109,4400.63,632179
1474,20/05/2021,228039,1251005239,58093.73,508244
1475,10/09/2019,339858,359061149.9,10989.5,549971
1476,26/09/2022,259311,1173395748,5578.42,643010
1477,19/11/2018,267971,400348541.4,14915.6,445604
1478,8/06/2022,261597,721396206.6,4138.68,581152
1479,14/01/2020,346953,359879727.6,7557.67,579845
1480,11/06/2021,216502,676152974,18802.35,491089
1481,26/09/2021,195560,1543507241,4328.33,441322
1482,1/11/2019,316187,396044598,12710.12,538210
1483,7/10/2018,219731,227184585.6,5946.69,424852
1484,17/12/2023,616808,71078942.3,89168.64,434648
1485,27/10/2021,292114,999960956,4294.7,610634
1486,1/04/2020,281855,360556936.9,9488.31,546330
1487,12/01/2021,336627,656743589.7,48992.31,732069
1488,21/12/2023,588137,125679895.1,68919.81,485234
1489,4/11/2022,281515,1306632334,6982.74,594885
1490,15/12/2019,263441,246437172.6,7761.82,445436
1491,5/12/2022,274064,336522694.9,7783.52,663730
1492,13/11/2021,238634,1390554532,4481.1,490421
1493,17/01/2023,308715,325769539.7,4193.28,690882
1494,2/05/2019,452646,217535079,14296.12,529164
1495,28/07/2019,272974,176140116.6,9695.32,341885
1496,30/11/2021,293876,1450644147,4301,568601
1497,31/03/2019,381652,239861129.3,11689.77,419375
1498,13/11/2019,318945,416997681.7,10758.96,506042
1499,18/01/2021,313816,570023472.5,26979.58,672465
1500,25/02/2019,336634,450629142.4,11541.75,456369
1501,28/11/2020,293949,441388076.3,19329.98,703726
1502,6/08/2021,260810,768550052.4,5455.95,580583
1503,5/08/2021,246175,746318746.2,6048.72,532051
1504,25/03/2021,318562,538218518.6,26439.43,732512
1505,20/12/2020,282043,469008049,26065.15,711858
1506,24/04/2022,221992,2380977945,3027.92,509277
1507,15/07/2020,316064,263636997.3,20350.34,607533
1508,30/07/2020,327789,318863054.9,54900.76,586267
1509,7/04/2023,355031,217477342.3,7608.46,589521
1510,28/01/2023,268849,192192617.8,4319.61,562237
1511,9/03/2020,348211,351930357.2,7355.32,546933
1512,9/05/2020,312399,374680657.1,27868.31,576602
1513,3/07/2019,397554,428302260.7,23832.62,595536
1514,23/02/2021,287884,755047208.2,63672.24,577270
1515,29/08/2023,500301,199014883.9,4227.69,716515
1516,16/12/2018,226453,373511387.9,6557.1,377144
1517,5/02/2021,360541,543554430.1,39895.89,790813
1518,21/02/2023,290457,287496628.8,5963.24,714915
1519,12/03/2023,265555,251806706.6,8045.58,587198
1520,19/02/2022,220673,1461179665,3114.54,555248
1521,7/11/2020,270901,595209809.5,49920.22,720061
1522,4/07/2020,288647,234139593.7,11041.33,534833
1523,1/08/2020,296705,291336406.6,43223.28,611300
1524,10/10/2019,345048,234082436.3,9699.11,485898
1525,14/11/2022,242416,1312898970,9425.7,551308
1526,31/07/2019,361337,434030685.7,14838.18,516496
1527,26/08/2018,172747,297464167.2,16094.64,348720
1528,15/11/2019,325145,393404937.1,9118.58,489795
1529,6/04/2020,280470,388102565.5,7484.62,493414
1530,9/10/2022,211238,716267880,2808.4,495267
1531,21/03/2022,259912,1732553450,3651.27,589765
1532,2/12/2018,222673,438268055.9,10439.23,349506
1533,22/03/2021,297410,438030352.2,28587.87,698076
1534,17/02/2020,341491,380641570.2,7408.01,522717
1535,4/09/2023,573196,112775674.4,3886.28,575934
1536,19/11/2023,710579,79118186.77,28231.36,650111
1537,23/11/2023,587706,122190239.8,37601.24,627046
1538,19/01/2021,325083,649615639.8,30005.43,671646
1539,7/02/2020,334938,495667165.9,9409.98,600904
1540,10/11/2021,301025,1532515292,6117.4,638693
1541,19/11/2020,311061,764689603,30385.91,660878
1542,24/01/2019,308146,480387595.4,7460.42,433786
1543,31/12/2022,242325,258236735.9,5026.42,554644
1544,10/07/2019,315664,729250738.6,27131.05,491549
1545,26/07/2022,264861,1967956499,5498.57,655154
1546,8/08/2019,336181,429191009.8,20929.13,565860
1547,25/07/2020,293883,269321558.2,30301.17,635421
1548,28/08/2018,238039,797062469.2,18994.14,466704
1549,26/04/2023,436461,205445260,7581.75,529941
1550,28/05/2021,218311,1327412856,31851.38,605951
1551,23/09/2023,629617,75341631.82,8192.19,770492
1552,21/05/2020,298483,328567980.5,67507.96,590071
1553,21/06/2020,259440,183161734.4,9628.21,476058
1554,28/11/2018,254456,534130895.8,15223.62,408627
1555,31/12/2019,293447,246500842.1,5057.85,453406
1556,6/07/2020,338767,342149545.4,10894.89,659366
1557,19/05/2021,263419,1149908937,46589.15,567795
1558,18/02/2019,344274,344461347.4,8540.9,469003
1559,2/09/2019,327248,283454053.2,8788.82,476941
1560,13/05/2020,296796,374411940.4,36679.03,522877
1561,29/12/2021,276083,1266766755,5943.56,742752
1562,20/02/2020,316626,329351319.6,8779.02,518464
1563,1/10/2019,337244,343206490.4,14311.59,511578
1564,28/02/2020,368590,275054795.3,7130.58,542552
1565,4/05/2022,233045,2691878718,5413.51,499205
1566,5/07/2020,274104,218753020.2,9160.6,518944
1567,7/10/2021,325875,1384494746,8268.25,732471
1568,8/02/2023,316963,207926659.2,5803.07,582753
1569,3/10/2021,218112,1639068491,4582.46,504157
1570,20/12/2023,582506,140382055.6,73217.6,481912
1571,5/08/2019,339136,600860852.8,12460.54,515994
1572,28/09/2022,264048,1229491830,5315.05,574668
1573,6/02/2021,333886,645993649.7,35432.15,720600
1574,30/08/2023,408001,244177038.2,4711.01,544226
1575,5/07/2019,378453,412855172.1,20054.5,519596
1576,22/05/2022,209047,568950998.4,5571.52,467329
1577,14/09/2022,270309,1693056735,6333.2,658242
1578,10/04/2021,299086,515163999.6,30087.66,729302
1579,28/04/2022,275765,2513940210,4087.9,630759
1580,13/11/2023,428507,183632001,25122.65,632367
1581,24/02/2021,358092,592408635.9,52928.19,722397
1582,13/06/2019,364373,336676402,30039.31,589709
1583,11/10/2021,280184,1558338046,7391.73,681048
1584,29/01/2023,258583,221393369.8,3273.13,536549
1585,21/12/2019,311118,217116651.7,5338.61,395206
1586,26/09/2023,309789,213916682.9,8924.17,720355
1587,1/07/2018,156247,549004999.2,10747.66,326089
1588,8/06/2023,407006,260149654.3,17087.17,622411
1589,9/12/2023,587398,105434920.9,23857.71,597726
1590,6/10/2022,278204,617796153.5,3657.67,622382
1591,30/06/2021,215304,562640948.3,28383.83,423248
1592,8/02/2022,276850,4321051398,5238.58,652192
1593,1/10/2018,242820,338579136.9,8987.46,469104
1594,4/01/2022,274544,1162810188,4838.58,616700
1595,11/12/2021,225733,1139022569,3513.23,467740
1596,17/07/2020,293907,288660445.5,26302.8,504692
1597,14/09/2020,354020,780362618.4,21318.6,676485
1598,30/09/2022,286672,902703091.3,5784.89,663605
1599,25/05/2022,288842,668964631.8,6739.93,684334
1600,26/08/2019,318219,325876034.8,10423.74,489817
1601,23/03/2020,259816,401769731.1,19792.66,422214
1602,18/07/2023,582684,190322865.9,3276.01,689897
1603,22/02/2019,350306,392466213.9,11136.78,519681
1604,21/08/2020,314297,475818261.4,43305.7,730328
1605,6/04/2021,309565,682576877.5,34375.34,681703
1606,26/04/2021,240687,894886897.9,69697,531693
1607,9/01/2019,319056,295889984.6,7575.41,414040
1608,1/09/2022,268022,1566522272,5491.39,609973
1609,2/03/2022,288657,1257093613,10138.67,704947
1610,12/07/2018,203535,402828266.7,9154.8,771409
1611,3/11/2018,249564,238832135.8,5446.24,453880
1612,26/11/2020,323975,705101378.6,32049.87,703411
1613,13/01/2023,316549,342938734.2,5251.92,741125
1614,14/04/2022,265537,2069813568,4165.61,568118
1615,26/05/2022,262367,884842779.3,6718.22,583797
1616,22/11/2023,535829,172737225.3,28675.97,608007
1617,24/11/2022,254639,364820693.4,10981.72,654147
1618,19/11/2019,327630,291615046.7,10490,578252
1619,24/04/2021,290690,550838638.4,57931.44,705405
1620,25/08/2019,288934,203495732.3,7468.5,324631
1621,7/01/2019,284782,345321615.1,8383.9,412790
1622,15/04/2022,254831,1621901413,3478.05,535208
1623,6/01/2019,258522,266806203.6,6419.22,338685
1624,2/01/2021,297111,728552514.1,26824.68,704989
1625,10/03/2022,261553,1870212731,4453.96,642200
1626,8/10/2022,235498,616833016.5,2836.79,514550
1627,15/07/2023,484980,140236555.3,3451.82,621552
1628,17/03/2019,227290,303604352.7,7382.95,341901
1629,20/10/2018,227821,295593808.2,6287.87,420123
1630,15/07/2021,226234,817618186.6,10043.01,538285
1631,28/02/2021,254316,681279263,32635.16,654840
1632,18/02/2022,261055,1502825345,3606.02,597056
1633,19/04/2022,273168,1820853135,3430.04,584018
1634,20/11/2020,348026,706884968.4,21937.98,768849
1635,28/03/2022,293304,1616271758,3687.36,679376
1636,1/06/2020,308312,406472453,25860.38,581358
1637,24/11/2020,333293,704090956.7,25887.73,604686
1638,3/02/2020,331012,482915038.8,6505.24,598875
1639,10/07/2018,216063,542877019.7,10580.58,468920
1640,18/11/2022,282091,637285218.4,15501.45,579837
1641,4/06/2020,318285,362018706.6,19597.98,601715
1642,17/10/2018,260362,342795193.9,7239.95,477054
1643,10/09/2018,222866,385982904.9,8962.85,423535
1644,27/10/2023,452816,191219595,5642.83,715230
1645,16/09/2018,179483,383109870.5,7282.11,306796
1646,14/10/2022,284648,695421848.3,5260.07,639916
1647,23/11/2021,283401,1546593328,4336.09,535122
1648,20/02/2019,314320,436477421.8,12013.82,469205
1649,10/10/2022,258286,897023068.5,3133.88,623968
1650,19/06/2019,401032,416851511.6,26370.7,600849
1651,26/08/2021,258590,1818705709,4476.33,513094
1652,11/08/2022,287356,1330509807,6489.73,665242
1653,5/03/2019,285716,758481945.4,10158.21,479874
1654,25/02/2022,260340,1661188677,4417.56,587417
1655,3/05/2023,489559,194206718.4,25369.16,578796
1656,31/10/2021,217435,1221852064,4134.72,571169
1657,25/04/2020,280805,217734489.7,9905.16,550241
1658,12/05/2019,338571,280777746.9,30741.01,565219
1659,3/08/2019,327588,169060269.2,8387.95,406123
1660,24/12/2019,290436,251178397.4,6062.78,440495
1661,18/10/2018,253450,388294027.5,7125.37,459060
1662,3/07/2020,331009,293399498.6,16249.18,630558
1663,17/08/2021,257766,935757074.5,6072.13,651418
1664,22/06/2019,354075,551090694,34591.3,526855
1665,30/12/2020,338258,515379473.5,31083.94,756520
1666,10/09/2020,345981,1009861327,31906.28,727774
1667,20/05/2022,267034,911538710.2,6403.77,610659
1668,4/08/2018,191657,503438158,8971.51,349563
1669,17/09/2019,343778,333352994.2,10076.67,528653
1670,16/04/2022,225486,1414940348,2850.26,470973
1671,11/02/2019,315725,694820353.3,7328.52,483099
1672,13/08/2018,222229,413761478.7,8964.09,419156
1673,8/05/2021,274691,501313738.1,31752.54,769017
1674,6/03/2022,207116,1334329842,4566.1,480523
1675,19/03/2022,242424,1498411497,3318.91,545044
1676,9/08/2021,252660,760177204.1,5357.44,613991
1677,4/01/2019,281772,344642775.2,6948.61,398235
1678,7/11/2021,226128,1529681185,4259.85,528664
1679,22/07/2020,364792,261594077.8,39275.76,620216
1680,12/03/2019,285653,520216566.5,11028.86,461927
1681,18/09/2023,635845,123617818,7361.64,796070
1682,27/10/2020,251938,993915886.3,76302.58,449088
1683,8/09/2021,270483,1227711992,5437.39,566366
1684,13/01/2019,276997,269095341.7,5118.14,317613
1685,28/11/2022,262636,376106634.9,8734.62,638315
1686,1/04/2019,368904,472490186.5,16765,442542
1687,8/08/2020,283631,283860857.3,27833.82,633020
1688,23/01/2020,329918,262458550.1,6376.6,528855
1689,2/02/2023,340169,228086722.5,6425.6,661952
1690,25/07/2023,462586,149431403.8,3860.12,624238
1691,31/10/2019,293779,481608570.3,12072.06,466350
1692,21/07/2021,235680,795906135.8,6136.19,522228
1693,20/10/2021,291813,1682320690,6423.64,594968
1694,3/01/2021,359116,615898735.3,24064.65,727087
1695,10/09/2022,241936,964358215.9,5131.41,583026
1696,3/08/2023,476007,144937072,4882.46,697089
1697,3/01/2019,291016,322649122.5,6586.52,412237
1698,12/12/2021,214808,1050109122,3044.67,401667
1699,25/11/2023,617234,104277769.2,14931.89,717968
1700,19/01/2022,270334,1393818864,3203.46,607555
1701,23/01/2021,308276,530736542.3,24900.71,730468
1702,6/03/2020,338383,280076596.9,7870.56,543547
1703,31/05/2021,226469,497370303.6,20085.22,658191
1704,3/08/2021,246198,1010904764,5197.67,525661
1705,4/07/2019,370704,337845239.8,22616.99,543891
1706,13/07/2020,310227,394411729.9,13189.79,570200
1707,9/07/2020,362718,268979081.2,15185.7,698879
1708,15/08/2018,246066,427702249.3,9007.05,441381
1709,20/01/2019,294118,228572181.7,4903.7,349251
1710,6/07/2018,200993,481135794.2,10797.8,370087
1711,5/06/2022,201341,752292931.1,4694.78,465627
1712,1/10/2023,320516,173013892.8,5905.38,618391
1713,30/12/2022,291015,304565887.1,7489.05,745582
1714,13/10/2021,288916,1127432381,5824.52,665379
1715,3/12/2022,250951,273554494.4,9197.45,609676
1716,21/12/2022,272491,317204736.3,6065.94,630365
1717,6/05/2020,333395,305286265.3,20557.74,635538
1718,17/09/2018,240152,449200874.6,7269.43,420369
1719,22/09/2022,245794,1411545486,5257.19,545297
1720,17/07/2018,233966,453606140.8,10660.56,491571
1721,30/03/2023,326347,463898462.4,8434.12,660679
1722,25/03/2022,290719,1453177730,4440.31,683726
1723,27/04/2019,359008,197130149.4,15158.69,393601
1724,3/11/2019,294367,280543852.8,8854.99,412534
1725,12/03/2022,225148,1513806216,3501.76,492850
1726,28/01/2020,340052,308509651.1,6759.96,566112
1727,8/02/2020,318363,246113022.8,6702.07,476683
1728,7/09/2022,265239,2184856960,5572.27,652611
1729,2/12/2021,313261,1219530865,6026.66,782316
1730,10/04/2023,289625,327146143.3,7518.2,618295
1731,14/02/2022,247592,1599158255,4507.85,561071
1732,9/05/2023,598256,124564626.4,73591.53,437901
1733,27/08/2022,225420,1330344430,3897.65,553825
1734,12/11/2018,300006,287573370.6,6390.54,454226
1735,1/11/2020,276280,773044946.9,64370.51,533185
1736,30/01/2020,332558,437248411,5907.48,514771
1737,9/04/2019,346071,570778992.5,33208.67,513568
1738,7/07/2023,556014,166127887.5,3462.06,713824
1739,10/09/2021,261371,3823884564,5399.73,574712
1740,24/05/2021,234755,1112241589,41235.31,610640
1741,18/10/2020,231557,918901612.7,15741.68,447541
1742,8/05/2022,233892,2165306096,5232.99,515583
1743,1/11/2023,463644,181248822.3,4632.65,685834
1744,31/10/2020,275796,613650931.6,95736.7,508272
1745,28/04/2023,483522,178453188,9486.98,579081
1746,11/01/2022,277698,2653693865,4216.86,611309
1747,24/03/2021,305093,538239351.1,27024.81,699869
1748,29/11/2020,263573,484035167,15125.2,563023
1749,17/04/2023,316193,347818084.3,6590.01,667766
1750,15/09/2019,274146,181290048.5,6654.48,358313
1751,26/07/2020,298580,244361761.8,25617.29,693730
1752,30/09/2023,275474,237062130.8,7824.88,700337
1753,26/09/2018,243927,438151422.4,8254.05,433853
1754,6/01/2020,299146,366526253.6,6850.54,485585
1755,29/01/2020,340562,261956760.1,5997.49,519271
1756,9/12/2018,238569,313803928,7056.07,357079
1757,28/07/2021,251223,1620811622,6189.28,557966
1758,17/06/2021,237725,659881538.3,13195.06,539238
1759,5/05/2019,330732,230222508.7,19010.05,399234
1760,13/12/2018,268422,430704993.6,8228.93,454651
1761,27/09/2023,337265,225653892.5,9409.23,773114
1762,27/07/2020,326769,379156972.8,37067.07,637454
1763,5/05/2023,411429,199608943.6,32804.48,444805
1764,22/09/2023,441679,144996947.3,10413.77,656057
1765,14/06/2023,330658,290226491.1,12057.4,520592
1766,7/12/2022,272328,328316796.5,6728.81,634589
1767,15/03/2022,263178,1393626009,3729.9,582710
1768,30/01/2022,207173,1821282510,5092.85,468726
1769,1/08/2022,249610,1383287513,5789.24,605173
1770,5/10/2020,294986,692284043.3,33317.73,585912
1771,17/11/2018,262649,259433132,8205.25,397836
1772,24/09/2020,316552,761136583.3,26063.6,567356
1773,20/11/2018,288450,733284056.6,24048.41,524145
1774,27/12/2019,322204,269026823.5,5312.27,466783
1775,7/05/2019,329943,468363832.4,27980.39,482014
1776,13/08/2020,325346,278865548.8,33522.44,587959
1777,1/06/2021,234561,635636560.1,20155.16,581198
1778,16/10/2018,257967,320424213.2,7489.11,479235
1779,2/09/2020,317449,726565697.7,40171.67,618104
1780,14/06/2022,283231,4838931341,9212.32,709244
1781,31/07/2018,242977,358319335.9,10528.97,485256
1782,24/03/2023,292095,374120157.1,15174.65,502864
1783,28/08/2021,218268,1603264299,4903.31,455247
1784,25/08/2021,263009,1604006224,4888.24,534045
1785,24/12/2023,723459,76725261.98,24731.87,617510
1786,6/09/2022,268125,2400364670,5703.07,618039
1787,30/01/2021,312313,626677457.6,44334.82,643155
1788,26/01/2020,261247,220542752.4,4047.12,375397
1789,17/09/2023,611220,94650444.56,4631.26,714872
1790,11/03/2019,294741,383207614.5,10457.25,496013
1791,16/08/2021,263529,889083048,6197.71,643464
1792,16/01/2020,325947,272006765.4,7317.9,491616
1793,30/04/2022,261630,1439499321,3998.63,601658
1794,7/09/2018,230790,470064868,12098.42,459678
1795,29/09/2018,218339,344562768.2,8751.01,366674
1796,21/02/2020,338484,243731484.5,6955.87,520190
1797,8/03/2022,255771,3468702819,4138.14,622051
1798,7/03/2020,313312,195078992.8,5916.96,441624
1799,1/03/2020,309849,182214874.1,4662.47,435285
1800,2/09/2021,289900,1446973255,6888.92,648878
1801,17/02/2019,327463,207781093.3,5854.82,344784
1802,15/10/2022,241758,371095547.3,3845.98,557081
1803,13/11/2022,227644,1481559647,7190.52,542692
1804,29/03/2019,369817,357130581.8,17165.81,504291
1805,16/05/2023,566462,155945713.5,19950.3,488970
1806,23/12/2021,291799,1101899809,3762.29,595146
1807,17/08/2020,292944,1003291064,27892.17,521166
1808,1/03/2021,280485,636144367.9,43437.73,618857
1809,1/12/2020,378068,555378557.3,38434.46,687581
1810,17/01/2022,258141,1441068932,3521.12,633295
1811,7/07/2021,221227,599228301.3,17108.28,505776
1812,18/06/2021,222918,698110832.1,13936.03,512627
1813,2/03/2021,338150,558480931.1,39261.97,661849
1814,21/10/2023,270621,234706377.6,5929.86,565894
1815,1/05/2021,262991,611833329.1,38829.04,661932
1816,27/05/2019,399584,303153384.5,47377.62,572398
1817,5/11/2018,296283,296602434.7,6307.73,479559
1818,21/03/2019,300712,488570854.3,11815.43,476976
1819,14/02/2021,295428,638481276.3,35271.49,715802
1820,14/03/2022,259592,1681735694,3972.26,581485
1821,3/09/2018,222897,414270800.4,8935.06,423714
1822,6/10/2019,277613,192357633.1,5940.28,353051
1823,4/10/2018,243157,346529726.4,7694.27,409269
1824,31/08/2022,260425,1629484577,5013.36,609794
1825,8/04/2022,266805,1854614079,4299.5,558657
1826,24/08/2021,263984,3089507184,5683.4,628192
1827,17/04/2021,194580,586747498,84065.02,442634
1828,30/12/2018,267639,260956860.4,5197.7,357234
1829,30/04/2019,346486,539988874.4,24671.89,564158
1830,26/06/2020,330381,370303805.1,10303.94,632167
1831,30/08/2019,349200,239902419.8,9868.42,485258
1832,15/01/2020,332658,481070955.7,9426.54,513555
1833,3/06/2023,381453,214794999.7,11588.23,553527
1834,31/01/2019,353945,615721452.5,8203.61,432620
1835,11/01/2023,287494,299466578.8,4321.35,612926
1836,9/08/2022,256233,1554784826,8953.16,620285
1837,10/02/2019,299609,206224824.7,4546.18,322591
1838,27/12/2021,249548,1255480737,5273.18,615555
1839,29/08/2022,252235,1468622526,4364.29,639583
1840,14/10/2021,282383,970858904.6,5768.4,659181
1841,22/07/2019,319399,1889229111,16869.32,451044
1842,27/04/2023,418912,207326128.2,9969.78,536020
1843,24/10/2022,264486,697540248.4,4518.95,617476
1844,6/11/2018,285451,310694724.3,6720.57,465884
1845,13/03/2020,276798,848440688.1,30460.16,492893
1846,24/05/2023,405521,244423054.6,15996.72,549157
1847,22/07/2023,288750,182209509.9,15914.16,645935
1848,24/12/2021,260565,1097680525,4631.44,613207
1849,16/09/2021,271223,1601389826,6189.05,684404
1850,3/09/2022,242597,812947302,5984.36,619889
1851,22/12/2019,281070,269481682.9,4555.48,381280
1852,5/03/2020,349529,244489939.5,6972.71,530249
1853,29/05/2021,198332,1028373341,23907.55,557861
1854,14/12/2018,275801,419952248,9099.09,505286
1855,25/12/2021,207803,1160618004,4004.9,553077
1856,16/06/2023,512202,193694322.9,8907.62,605206
1857,28/08/2023,331345,273494510.6,5122.44,563863
1858,16/08/2023,566878,160700951,3182.15,661216
1859,15/05/2021,232099,828272061.5,26909.93,599712
1860,29/04/2021,259465,814663296.2,55820.66,577630
1861,16/10/2022,212919,392777045.2,3857.09,485513
1862,29/09/2021,241991,1646607746,4668.96,524401
1863,11/07/2022,229482,2018661559,6688.16,519966
1864,20/08/2022,222722,1909777024,4059.02,542598
1865,30/06/2019,330731,577421935,31723.24,436762
1866,7/08/2018,233045,487972533.9,7987.87,509488
1867,3/11/2021,288746,1178787955,5517.78,691170
1868,11/11/2022,284467,1435960750,7709.54,600475
1869,12/07/2022,275378,1673333974,6304.76,633794
1870,27/11/2018,268533,467519820,13921.24,441867
1871,28/06/2021,221000,754280634.2,24278,422188
1872,31/12/2023,731351,78718239.96,48453.91,517361
1873,8/05/2020,323625,409587205.6,32167.41,588386
1874,15/04/2021,359440,513853885.4,43202.83,814814
1875,7/11/2023,450371,176190915.3,19556.88,587007
1876,28/12/2022,272949,319658723,7575.86,615034
1877,11/01/2021,333958,730280474.9,40252.53,712163
1878,2/01/2020,295567,234800199.3,4662.51,456644
1879,6/12/2023,467795,217023772.3,62775.61,497204
1880,20/04/2022,285655,1488010280,3114.32,614832
1881,24/09/2023,441181,109591368.2,8406.19,768635
1882,6/08/2022,237677,1000331667,5701.41,580209
1883,25/05/2021,233644,980244117.6,36730.3,601626
1884,18/08/2021,247333,1104129397,6231.11,560650
1885,7/12/2023,372050,237377354.1,46895.41,547053
1886,5/10/2021,312538,1568567251,4893.22,701860
1887,20/09/2023,551783,169306391.3,8586.16,724423
1888,19/07/2020,277093,234889566.3,16589.39,583358
1889,21/08/2018,217777,477693658.4,11365.88,397816
1890,5/10/2018,244719,301575063.6,8718.87,438778
1891,7/10/2019,328803,211836238.3,7513.36,487814
1892,26/09/2019,355775,317186506.2,9174.82,503755
1893,31/01/2020,334434,359710635.9,6737.16,524097
1894,15/12/2021,281103,1403000464,4134.48,675859
1895,20/06/2021,167249,764070828.7,13585.38,396683
1896,19/10/2020,303929,1122711858,16638.3,551337
1897,30/10/2020,268364,876050115.3,97757.87,508761
1898,15/06/2020,294468,343039317.7,11608.45,536411
1899,20/04/2021,279977,667743655.9,107804.65,617619
1900,7/11/2019,324487,423116324.2,12245.92,537070
1901,31/12/2020,344918,563999487.2,32927.03,766696
1902,24/10/2021,211220,1314399519,4252.1,444475
1903,23/10/2020,323869,846499856.6,44468.02,582842
1904,22/12/2020,324163,629560315.4,41037.01,669787
1905,18/01/2022,265057,1642841063,3575.12,567475
1906,27/03/2022,218202,1509903861,3426.64,487967
1907,22/01/2023,250760,259030347.7,5486.15,574667
1908,12/02/2020,344615,318886760.2,10852.26,541061
1909,29/10/2020,276070,882933203.8,93900.73,487568
1910,8/07/2023,573697,123273690.8,2569.34,718551
1911,7/06/2023,433781,235190257,22500.37,613535
1912,13/07/2023,375859,247398105.9,5230.04,538728
1913,27/06/2019,361050,462921584.1,55422.03,525620
1914,19/10/2021,312018,3567859213,4809.68,721691
1915,8/03/2020,302694,203423235.2,5332.91,416658
1916,21/03/2021,234936,472908359.9,25924.56,740380
1917,6/06/2019,364526,548706625,33520.23,538918
1918,8/11/2021,285806,2049354395,5632.91,593684
1919,10/08/2022,264566,1780031207,7206.1,708966
1920,31/05/2022,276273,1630558546,4960.32,656088
1921,1/02/2019,339341,826579405.6,9757.37,457659
1922,18/09/2020,325157,1164974389,21346.74,618122
1923,12/12/2022,262646,330875437.4,4802.04,612498
1924,23/07/2018,229480,422722950.4,11382.57,515864
1925,21/07/2022,273976,1372731936,8829.69,636881
1926,15/04/2019,381473,406966428.4,20701.26,521665
1927,19/07/2023,480249,186173805.5,3782.14,640457
1928,28/08/2022,202109,891774476.6,3708.61,499351
1929,27/02/2023,292748,260253112.2,7738.23,635089
1930,24/01/2023,292970,258981452.9,5778.74,612217
1931,8/01/2023,228488,312067916.4,2968.19,491261
1932,30/09/2018,208210,307251971.5,7409.8,346047
1933,24/10/2019,303843,328966634.3,9531.21,470407
1934,31/07/2021,207348,986504822.5,5413.52,446307
1935,21/03/2023,327932,353285313,8808.72,628400
1936,3/02/2023,315951,256157509.6,7703.98,625014
1937,7/05/2020,341986,385457217.3,25825.1,648006
1938,3/06/2019,294009,575982734.1,67682.71,453214
1939,20/03/2023,341288,384940633.8,8691.26,660330
1940,9/12/2022,265668,331605773.3,5178.68,632732
1941,16/03/2023,295049,292601546.2,11320.59,522233
1942,9/05/2022,279511,2829949847,7079.36,648388
1943,17/11/2020,347772,871605157.9,26034.67,706559
1944,2/06/2019,301003,403235383.8,39350.29,450418
1945,4/01/2020,287215,229063545,4286.74,403523
1946,18/05/2022,262907,1120004112,6290.99,575339
1947,24/07/2020,369432,280114128.4,33668,691892
1948,22/01/2022,250294,2550853168,4452.55,651604
1949,5/11/2020,318668,981080249.4,81729.07,660891
1950,3/03/2022,268244,1470430382,7564.09,646163
1951,8/07/2019,378966,702362149.6,17801.22,540931
1952,17/07/2019,324892,584017193.3,19853.33,475309
1953,24/08/2018,219848,344181060.3,8712.18,427494
1954,15/07/2022,269269,1341273437,9679.57,628260
1955,23/04/2020,329045,280556102.4,12497.82,607463
1956,14/07/2019,303287,514630379.5,13429.48,377605
1957,7/08/2019,370909,231078090.8,19095.51,534119
1958,1/08/2018,241044,375180268.1,8829.63,489921
1959,12/05/2022,274204,3655654459,10816.58,598720
1960,12/12/2020,295410,480609896.5,17124.8,605205
1961,10/05/2021,303297,466136249.8,33306.33,873095
1962,18/03/2019,291505,610476820.4,7675.62,475684
1963,31/05/2019,298997,685259215.2,68575.01,449394
1964,6/12/2018,279654,583690707,10182.48,457767
1965,1/10/2020,304757,648942008.1,33479.77,554849
1966,23/05/2022,265106,796913336.4,5969.95,622939
1967,13/09/2021,255970,3924159846,5965.17,613181
1968,5/12/2023,514962,190389135.4,45962.46,522848
1969,26/07/2021,261950,877687564.4,6978.58,603155
1970,12/07/2021,220269,761376316.1,13039.09,525192
1971,9/06/2022,262105,624956180.4,3842.84,602733
1972,11/10/2018,262467,403836676.8,7016.96,484680
1973,28/05/2020,299910,279713312.4,29456.29,552243
1974,23/12/2019,304845,311029041.4,6190.38,473044
1975,14/10/2018,191259,345883811,6492.69,359825
1976,16/05/2019,375062,383192049.2,60927.47,539306
1977,26/06/2019,399624,466642453.2,46059.56,640343
1978,24/01/2021,253971,596784724.1,22662.45,646803
1979,27/07/2021,255221,2900172587,6298,608056
1980,15/11/2020,252715,632711652.4,16790.99,559044
1981,21/07/2020,312871,284482711.1,32691.91,548371
1982,30/08/2018,231391,368750026.4,10415.71,435117
1983,4/09/2019,324741,371696580.6,11499.86,498906
1984,8/01/2020,318019,282946499.6,9694.64,484950
1985,22/04/2019,342014,494066829,20504.11,410670
1986,14/08/2021,209074,835777186.3,5211.43,418352
1987,21/08/2019,308808,7945965410,16912.09,482995
1988,3/06/2020,314000,359504335.5,26167.06,616474
1989,11/03/2020,287492,589155675.5,10282.55,467284
1990,30/11/2022,271416,319493734.3,9992.96,608220
1991,9/05/2021,247866,438410264.7,28252.7,860718
1992,14/03/2021,308050,425382763.4,28704.83,721538
1993,29/02/2020,307527,207616499.6,6017.02,435780
1994,3/03/2020,342324,230679236.1,7220.19,581410
1995,29/08/2019,346734,256644182.2,9781.98,489852
1996,3/07/2018,216747,489852712.5,12873.35,452632
1997,26/03/2023,261243,281688983.6,8370.6,517964
1998,9/11/2021,335411,1472925626,6936.57,800670
1999,8/11/2018,277597,284080016.4,7564.53,483642
2000,23/12/2018,250739,310826524.3,6161.6,360043
2001,15/01/2022,234373,1685030728,3169.51,479881
2002,2/08/2020,287869,275605708.8,37044.61,629686
2003,9/04/2022,232792,1434163419,3501.18,492399
2004,27/11/2023,479487,177455879.5,18655.62,658244
2005,27/11/2021,240759,1205592138,3507.44,441537
2006,20/06/2022,236636,1870314009,6406.25,518133
2007,11/08/2019,273280,212537505.8,11104.26,346461
2008,27/12/2018,300020,419101916.7,5638.49,434991
2009,12/10/2018,243174,459472811.4,7585.46,488689
