Date,Gold,SP500,Nasdaq,US_Bond
2018-07-02,1241.7,2726.71,7097.82,2.871
2018-07-03,1253.5,2713.22,7014.55,2.833
2018-07-05,1261.7,2736.61,7101.05,2.833
2018-07-06,1255.8,2759.82,7207.33,2.824
2018-07-09,1259.6,2784.17,7276.0,2.858
2018-07-10,1255.4,2793.84,7282.6,2.867
2018-07-11,1244.4,2774.02,7243.98,2.84
2018-07-12,1246.6,2798.29,7366.25,2.849
2018-07-13,1241.2,2801.31,7375.82,2.829
2018-07-16,1239.7,2798.43,7357.9,2.856
2018-07-17,1227.3,2809.55,7403.89,2.86
2018-07-18,1227.9,2815.62,7390.13,2.875
2018-07-19,1224.0,2804.49,7352.36,2.838
2018-07-20,1231.1,2801.83,7350.23,2.895
2018-07-23,1225.6,2806.98,7371.78,2.96
2018-07-24,1225.5,2820.4,7406.25,2.95
2018-07-25,1231.8,2846.07,7508.59,2.973
2018-07-26,1225.7,2837.44,7400.75,2.982
2018-07-27,1232.7,2818.82,7296.78,2.958
2018-07-30,1231.5,2802.6,7193.1,2.975
2018-07-31,1233.6,2816.29,7231.98,2.962
2018-08-01,1227.6,2813.36,7272.89,3.004
2018-08-02,1220.1,2827.22,7372.15,2.986
2018-08-03,1223.2,2840.35,7395.49,2.951
2018-08-06,1217.7,2850.4,7438.99,2.945
2018-08-07,1218.3,2858.45,7462.65,2.977
2018-08-08,1221.0,2857.7,7469.55,2.964
2018-08-09,1219.9,2853.58,7466.96,2.929
2018-08-10,1219.0,2833.28,7408.3,2.873
2018-08-13,1198.9,2821.93,7401.17,2.877
2018-08-14,1200.7,2839.96,7447.17,2.9
2018-08-15,1185.0,2818.37,7354.66,2.864
2018-08-16,1184.0,2840.69,7374.3,2.87
2018-08-17,1184.2,2850.13,7377.54,2.864
2018-08-20,1194.6,2857.05,7371.42,2.819
2018-08-21,1200.0,2862.96,7397.23,2.842
2018-08-22,1203.3,2861.82,7424.6,2.821
2018-08-23,1194.0,2856.98,7413.84,2.828
2018-08-24,1213.3,2874.69,7485.4,2.813
2018-08-27,1216.0,2896.74,7559.13,2.846
2018-08-28,1214.4,2897.52,7570.25,2.884
2018-08-29,1211.5,2914.04,7660.18,2.886
2018-08-30,1205.0,2901.13,7642.67,2.859
2018-08-31,1206.7,2901.52,7654.55,2.86
2018-09-04,1196.6,2896.72,7622.32,2.898
2018-09-05,1201.3,2888.6,7523.26,2.904
2018-09-06,1204.3,2878.05,7453.17,2.878
2018-09-07,1200.4,2871.68,7430.26,2.939
2018-09-10,1199.8,2877.13,7447.68,2.935
2018-09-11,1202.2,2887.89,7507.87,2.981
2018-09-12,1210.9,2888.92,7488.06,2.964
2018-09-13,1208.2,2904.18,7561.69,2.974
2018-09-14,1201.1,2904.98,7545.5,3.0
2018-09-17,1205.8,2888.8,7434.73,2.994
2018-09-18,1202.9,2904.31,7494.4,3.057
2018-09-19,1208.3,2907.95,7490.32,3.066
2018-09-20,1211.3,2930.75,7569.03,3.065
2018-09-21,1201.3,2929.67,7531.07,3.066
2018-09-24,1204.4,2919.37,7548.75,3.089
2018-09-25,1205.1,2915.56,7563.19,3.098
2018-09-26,1199.1,2905.97,7563.09,3.048
2018-09-27,1187.4,2914.0,7629.57,3.056
2018-09-28,1196.2,2913.98,7627.65,3.065
2018-10-01,1191.7,2924.59,7645.45,3.086
2018-10-02,1207.0,2923.43,7628.28,3.061
2018-10-03,1202.9,2925.51,7637.43,3.181
2018-10-04,1201.6,2901.61,7490.0,3.187
2018-10-05,1205.6,2885.57,7399.01,3.233
2018-10-08,1188.6,2884.43,7352.82,3.231
2018-10-09,1191.5,2880.34,7371.61,3.206
2018-10-10,1193.4,2785.68,7044.5,3.174
2018-10-11,1227.6,2728.37,6964.03,3.146
2018-10-12,1222.0,2767.13,7157.21,3.167
2018-10-15,1230.3,2750.79,7068.67,3.156
2018-10-16,1231.0,2809.92,7276.43,3.163
2018-10-17,1227.4,2809.21,7278.63,3.207
2018-10-18,1230.1,2768.78,7116.09,3.177
2018-10-19,1228.7,2767.78,7107.23,3.196
2018-10-22,1224.6,2755.88,7141.21,3.2
2018-10-23,1236.8,2740.69,7118.67,3.171
2018-10-24,1231.1,2656.1,6789.15,3.111
2018-10-25,1232.4,2705.57,7016.39,3.126
2018-10-26,1235.8,2658.69,6852.4,3.077
2018-10-29,1227.6,2641.25,6713.9,3.089
2018-10-30,1225.3,2682.63,6810.12,3.119
2018-10-31,1215.0,2711.74,6967.1,3.149
2018-11-01,1238.6,2740.37,7069.17,3.134
2018-11-02,1233.3,2723.06,6965.29,3.22
2018-11-05,1232.3,2738.31,6937.09,3.201
2018-11-06,1226.3,2755.45,6988.85,3.231
2018-11-07,1228.7,2813.89,7203.13,3.237
2018-11-08,1225.1,2806.83,7158.59,3.239
2018-11-09,1208.6,2781.01,7039.15,3.186
2018-11-12,1203.5,2726.22,6829.1,3.151
2018-11-13,1201.4,2722.18,6830.91,3.141
2018-11-14,1210.1,2701.58,6769.87,3.127
2018-11-15,1215.0,2730.2,6890.45,3.11
2018-11-16,1223.0,2736.27,6867.02,3.065
2018-11-19,1225.3,2690.73,6642.92,3.063
2018-11-20,1221.2,2641.89,6526.96,3.061
2018-11-21,1228.0,2649.93,6575.66,3.065
2018-11-23,1226.6,2632.56,6527.35,3.046
2018-11-26,1222.4,2673.45,6678.34,3.059
2018-11-27,1213.4,2682.17,6701.04,3.059
2018-11-28,1223.6,2743.79,6913.33,3.061
2018-11-29,1230.4,2737.76,6892.4,3.032
2018-11-30,1226.0,2760.17,6949.01,2.993
2018-12-03,1239.6,2790.37,7062.13,2.966
2018-12-04,1246.6,2700.06,6795.21,2.915
2018-12-06,1243.6,2695.95,6838.85,2.892
2018-12-07,1252.6,2633.08,6613.27,2.858
2018-12-10,1249.4,2637.72,6682.74,2.863
2018-12-11,1247.2,2636.78,6704.24,2.879
2018-12-12,1250.0,2651.07,6763.96,2.911
2018-12-13,1247.4,2650.54,6767.97,2.913
2018-12-14,1241.4,2599.95,6594.96,2.895
2018-12-17,1251.8,2545.94,6448.39,2.857
2018-12-18,1253.6,2546.16,6491.52,2.823
2018-12-19,1256.4,2506.96,6342.97,2.762
2018-12-20,1267.9,2467.42,6243.19,2.808
2018-12-21,1258.1,2416.62,6046.56,2.788
2018-12-24,1271.8,2351.1,5899.35,2.737
2018-12-26,1273.0,2467.7,6262.77,2.81
2018-12-27,1281.1,2488.83,6288.3,2.774
2018-12-28,1283.0,2485.74,6285.27,2.716
2018-12-31,1281.3,2506.85,6329.97,2.686
2019-01-02,1284.1,2510.03,6360.87,2.633
2019-01-03,1294.8,2447.89,6147.13,2.552
2019-01-04,1285.8,2531.94,6422.67,2.668
2019-01-07,1289.9,2549.69,6488.25,2.698
2019-01-08,1285.9,2574.41,6551.85,2.73
2019-01-09,1292.0,2584.96,6600.69,2.712
2019-01-10,1287.4,2596.64,6620.94,2.746
2019-01-11,1289.5,2596.26,6601.4,2.699
2019-01-14,1291.3,2582.61,6541.04,2.706
2019-01-15,1288.4,2610.3,6669.64,2.718
2019-01-16,1293.8,2616.1,6668.56,2.727
2019-01-17,1292.3,2635.96,6718.45,2.75
2019-01-18,1282.6,2670.71,6784.61,2.788
2019-01-22,1285.8,2632.9,6646.81,2.741
2019-01-23,1284.0,2638.7,6658.76,2.75
2019-01-24,1279.8,2642.33,6702.55,2.716
2019-01-25,1298.1,2664.76,6787.37,2.759
2019-01-28,1303.1,2643.85,6697.09,2.748
2019-01-29,1308.9,2640.0,6632.79,2.71
2019-01-30,1315.5,2681.05,6807.91,2.678
2019-01-31,1325.2,2704.1,6906.84,2.633
2019-02-01,1322.1,2706.53,6875.52,2.684
2019-02-04,1319.3,2724.87,6959.96,2.725
2019-02-05,1319.2,2737.7,7023.52,2.704
2019-02-06,1314.4,2731.61,6997.62,2.7
2019-02-07,1314.2,2706.05,6904.98,2.657
2019-02-08,1318.5,2707.88,6913.13,2.634
2019-02-11,1311.9,2709.8,6909.19,2.654
2019-02-12,1314.0,2744.73,7014.67,2.686
2019-02-13,1315.1,2753.03,7015.88,2.709
2019-02-14,1313.9,2745.73,7022.42,2.655
2019-02-15,1322.1,2775.6,7055.18,2.664
2019-02-19,1344.8,2779.76,7066.61,2.636
2019-02-20,1347.9,2784.7,7062.34,2.648
2019-02-21,1327.8,2774.88,7035.16,2.695
2019-02-22,1332.8,2792.67,7090.62,2.654
2019-02-25,1329.5,2796.11,7115.43,2.668
2019-02-26,1328.5,2793.9,7123.22,2.638
2019-02-27,1321.2,2792.38,7117.01,2.686
2019-02-28,1316.1,2784.49,7097.52,2.717
2019-03-01,1299.2,2803.69,7151.57,2.759
2019-03-04,1287.5,2792.81,7150.83,2.724
2019-03-05,1284.7,2789.65,7156.78,2.719
2019-03-06,1287.6,2771.45,7112.47,2.693
2019-03-07,1286.1,2748.93,7026.88,2.641
2019-03-08,1299.3,2743.07,7015.69,2.63
2019-03-11,1291.1,2783.3,7164.02,2.641
2019-03-12,1298.1,2791.52,7201.28,2.6
2019-03-13,1309.3,2810.92,7256.98,2.625
2019-03-14,1295.1,2808.48,7243.01,2.63
2019-03-15,1302.9,2822.48,7306.99,2.591
2019-03-18,1301.5,2832.94,7326.28,2.605
2019-03-19,1306.5,2832.57,7349.28,2.618
2019-03-20,1301.7,2824.23,7380.75,2.524
2019-03-21,1307.3,2854.88,7493.27,2.539
2019-03-22,1312.3,2800.71,7326.06,2.437
2019-03-25,1322.6,2798.36,7316.96,2.405
2019-03-26,1315.0,2818.46,7351.15,2.425
2019-03-27,1310.4,2805.37,7308.19,2.381
2019-03-28,1295.3,2815.44,7320.47,2.391
2019-03-29,1298.5,2834.4,7378.77,2.407
2019-04-01,1294.2,2867.19,7478.42,2.503
2019-04-02,1295.4,2867.24,7499.64,2.472
2019-04-03,1295.3,2873.4,7544.97,2.528
2019-04-04,1294.3,2879.39,7540.57,2.513
2019-04-05,1295.6,2892.74,7578.84,2.499
2019-04-08,1301.9,2895.77,7599.74,2.52
2019-04-09,1308.3,2878.2,7568.49,2.502
2019-04-10,1313.9,2888.21,7611.49,2.465
2019-04-11,1293.3,2888.32,7594.89,2.499
2019-04-12,1295.2,2907.41,7628.15,2.562
2019-04-15,1291.3,2905.58,7629.12,2.556
2019-04-16,1277.2,2907.06,7654.73,2.592
2019-04-17,1276.8,2900.45,7680.72,2.594
2019-04-18,1276.0,2905.03,7689.72,2.56
2019-04-22,1277.6,2907.97,7713.49,2.587
2019-04-23,1273.2,2933.68,7810.71,2.569
2019-04-24,1279.4,2927.25,7784.41,2.518
2019-04-25,1279.7,2926.17,7816.92,2.534
2019-04-26,1288.8,2939.88,7826.68,2.5
2019-04-29,1281.5,2943.03,7839.04,2.527
2019-04-30,1285.7,2945.83,7781.46,2.504
2019-05-01,1284.2,2923.73,7751.85,2.502
2019-05-02,1272.0,2917.52,7724.06,2.545
2019-05-03,1281.3,2945.64,7845.73,2.53
2019-05-06,1283.8,2932.47,7794.09,2.5
2019-05-07,1285.6,2884.05,7640.15,2.448
2019-05-08,1281.4,2879.42,7617.55,2.485
2019-05-09,1285.2,2870.72,7582.75,2.453
2019-05-10,1287.4,2881.4,7586.53,2.473
2019-05-13,1301.8,2811.87,7324.13,2.403
2019-05-14,1296.3,2834.41,7401.88,2.414
2019-05-15,1297.8,2850.96,7503.25,2.377
2019-05-16,1286.2,2876.32,7580.14,2.394
2019-05-17,1275.7,2859.53,7503.68,2.393
2019-05-20,1277.3,2840.23,7376.7,2.419
2019-05-21,1273.2,2864.36,7451.02,2.428
2019-05-22,1274.2,2856.27,7420.66,2.38
2019-05-23,1285.4,2822.24,7307.93,2.322
2019-05-24,1283.6,2826.06,7300.96,2.324
2019-05-28,1280.1,2802.39,7278.38,2.267
2019-05-29,1281.0,2783.02,7216.86,2.262
2019-05-30,1292.4,2788.86,7245.4,2.217
2019-05-31,1311.1,2752.06,7127.96,2.133
2019-06-03,1327.9,2744.45,6978.02,2.075
2019-06-04,1328.7,2803.27,7166.75,2.121
2019-06-05,1333.6,2826.15,7220.9,2.131
2019-06-06,1342.7,2843.49,7275.93,2.121
2019-06-07,1346.1,2873.34,7417.29,2.084
2019-06-10,1329.3,2886.73,7501.93,2.15
2019-06-11,1331.2,2885.72,7513.85,2.145
2019-06-12,1336.8,2879.84,7472.29,2.122
2019-06-13,1343.7,2891.64,7510.68,2.093
2019-06-14,1344.5,2886.98,7479.11,2.084
2019-06-17,1342.9,2889.67,7526.52,2.091
2019-06-18,1350.7,2917.75,7635.4,2.058
2019-06-19,1348.8,2926.46,7667.74,2.029
2019-06-20,1396.9,2954.18,7738.06,2.023
2019-06-21,1400.1,2950.46,7728.78,2.059
2019-06-24,1418.2,2945.35,7723.02,2.018
2019-06-25,1418.7,2917.38,7591.54,1.988
2019-06-26,1415.4,2913.78,7627.05,2.05
2019-06-27,1412.0,2924.92,7657.05,2.014
2019-06-28,1413.7,2941.76,7671.07,2.007
2019-07-01,1389.3,2964.33,7768.14,2.033
2019-07-02,1408.0,2973.01,7799.82,1.976
2019-07-03,1420.9,2995.82,7857.69,1.953
2019-07-05,1403.4,2990.41,7841.3,2.039
2019-07-08,1400.0,2975.95,7785.79,2.048
2019-07-09,1400.5,2979.63,7826.86,2.072
2019-07-10,1412.5,2993.07,7903.4,2.061
2019-07-11,1406.7,2999.91,7896.78,2.143
2019-07-12,1412.2,3013.77,7943.24,2.124
2019-07-15,1413.5,3014.3,7966.93,2.09
2019-07-16,1411.2,3004.04,7927.08,2.106
2019-07-17,1423.3,2984.42,7888.76,2.043
2019-07-18,1428.1,2995.11,7904.13,2.026
2019-07-19,1426.7,2976.61,7834.9,2.057
2019-07-22,1426.9,2985.03,7905.12,2.05
2019-07-23,1421.7,3005.47,7954.56,2.078
2019-07-24,1423.6,3019.56,8010.6,2.05
2019-07-25,1414.7,3003.67,7929.87,2.083
2019-07-26,1419.3,3025.86,8016.95,2.074
2019-07-29,1420.4,3020.97,7989.08,2.063
2019-07-30,1441.8,3013.18,7952.47,2.06
2019-07-31,1437.8,2980.38,7848.78,2.007
2019-08-01,1432.4,2953.56,7801.15,1.902
2019-08-02,1457.5,2932.05,7692.8,1.843
2019-08-05,1476.5,2844.74,7415.69,1.718
2019-08-06,1484.2,2881.77,7521.32,1.716
2019-08-07,1519.6,2883.98,7551.9,1.721
2019-08-08,1509.5,2938.09,7724.83,1.719
2019-08-09,1508.5,2918.65,7646.27,1.745
2019-08-12,1517.2,2883.75,7561.68,1.64
2019-08-13,1514.1,2926.32,7728.15,1.702
2019-08-14,1527.8,2840.6,7490.13,1.583
2019-08-15,1531.2,2847.6,7484.89,1.502
2019-08-16,1523.6,2888.68,7604.11,1.562
2019-08-19,1511.6,2923.65,7719.32,1.608
2019-08-20,1515.7,2900.51,7664.47,1.552
2019-08-21,1515.7,2924.43,7733.22,1.591
2019-08-22,1508.5,2922.95,7707.43,1.613
2019-08-23,1537.6,2847.11,7464.99,1.533
2019-08-26,1537.2,2878.38,7575.02,1.538
2019-08-27,1551.8,2869.16,7566.03,1.474
2019-08-28,1549.1,2887.94,7587.9,1.468
2019-08-29,1536.9,2924.58,7702.31,1.496
2019-08-30,1529.4,2926.46,7691.0,1.499
2019-09-03,1552.8,2906.27,7609.51,1.462
2019-09-04,1560.4,2937.78,7719.25,1.471
2019-09-05,1525.5,2976.0,7862.54,1.565
2019-09-06,1515.5,2978.71,7852.54,1.56
2019-09-09,1511.1,2978.43,7832.4,1.647
2019-09-10,1499.2,2979.39,7814.74,1.744
2019-09-11,1503.2,3000.93,7887.58,1.745
2019-09-12,1507.4,3009.57,7917.34,1.778
2019-09-13,1499.5,3007.39,7892.95,1.901
2019-09-16,1511.5,2997.96,7852.41,1.843
2019-09-17,1513.4,3005.7,7888.79,1.81
2019-09-18,1515.8,3006.73,7888.56,1.8
2019-09-19,1506.2,3006.79,7901.79,1.787
2019-09-20,1515.1,2992.07,7823.55,1.722
2019-09-23,1531.5,2991.78,7818.61,1.723
2019-09-24,1540.2,2966.6,7710.04,1.652
2019-09-25,1512.3,2984.87,7803.54,1.737
2019-09-26,1515.2,2977.62,7771.99,1.697
2019-09-27,1506.4,2961.79,7681.58,1.687
2019-09-30,1472.9,2976.74,7749.45,1.668
2019-10-01,1489.0,2940.25,7684.14,1.635
2019-10-02,1507.9,2887.61,7550.79,1.601
2019-10-03,1513.8,2910.63,7638.4,1.534
2019-10-04,1512.9,2952.01,7754.1,1.529
2019-10-07,1504.4,2938.79,7725.13,1.565
2019-10-08,1503.9,2893.06,7604.27,1.532
2019-10-09,1512.8,2919.4,7690.53,1.587
2019-10-10,1500.9,2938.13,7740.36,1.67
2019-10-11,1488.7,2970.27,7843.88,1.734
2019-10-14,1497.6,2966.15,7842.33,1.715
2019-10-15,1483.5,2995.68,7942.85,1.771
2019-10-16,1494.0,2989.69,7920.21,1.745
2019-10-17,1498.3,2997.95,7942.14,1.75
2019-10-18,1494.1,2986.2,7868.49,1.754
2019-10-21,1488.1,3006.72,7940.33,1.803
2019-10-22,1487.5,2995.99,7874.62,1.768
2019-10-23,1495.7,3004.52,7889.47,1.768
2019-10-24,1504.7,3010.29,7966.72,1.771
2019-10-25,1505.3,3022.55,8029.22,1.799
2019-10-28,1495.8,3039.42,8110.67,1.845
2019-10-29,1490.7,3036.89,8047.51,1.837
2019-10-30,1496.7,3046.77,8083.11,1.775
2019-10-31,1514.8,3037.56,8083.83,1.688
2019-11-01,1511.4,3066.91,8161.17,1.714
2019-11-04,1511.1,3078.27,8210.66,1.781
2019-11-05,1483.7,3074.62,8210.17,1.857
2019-11-06,1493.1,3076.78,8196.03,1.83
2019-11-07,1466.4,3085.18,8219.65,1.929
2019-11-08,1462.9,3093.08,8255.89,1.945
2019-11-11,1457.1,3087.01,8241.91,1.923
2019-11-12,1453.7,3091.84,8263.79,1.928
2019-11-13,1463.3,3094.04,8259.81,1.891
2019-11-14,1473.4,3096.63,8257.83,1.822
2019-11-15,1468.5,3120.46,8315.52,1.836
2019-11-18,1471.9,3122.03,8328.48,1.815
2019-11-19,1474.3,3120.18,8338.74,1.786
2019-11-20,1474.2,3108.46,8283.75,1.747
2019-11-21,1463.6,3103.54,8265.62,1.776
2019-11-22,1463.6,3110.29,8272.05,1.771
2019-11-25,1456.9,3133.64,8371.93,1.752
2019-11-26,1460.3,3140.52,8385.75,1.741
2019-11-27,1453.4,3153.63,8444.71,1.767
2019-11-29,1472.7,3140.98,8403.68,1.774
2019-12-02,1469.2,3113.87,8309.26,1.822
2019-12-03,1484.4,3093.2,8254.74,1.717
2019-12-04,1480.2,3112.76,8296.53,1.778
2019-12-05,1483.1,3117.43,8308.4,1.809
2019-12-06,1465.1,3145.91,8397.37,1.843
2019-12-09,1464.9,3135.96,8362.74,1.821
2019-12-10,1468.1,3132.52,8354.29,1.842
2019-12-11,1475.0,3141.63,8402.61,1.793
2019-12-12,1472.3,3168.57,8466.89,1.896
2019-12-13,1481.2,3168.8,8487.71,1.824
2019-12-16,1480.5,3191.45,8570.33,1.873
2019-12-17,1480.6,3192.52,8575.7,1.875
2019-12-18,1478.7,3191.14,8580.62,1.922
2019-12-19,1484.4,3205.37,8641.29,1.922
2019-12-20,1480.9,3221.22,8678.49,1.919
2019-12-23,1488.7,3224.01,8696.01,1.928
2019-12-24,1504.8,3223.38,8699.51,1.903
2019-12-26,1514.4,3239.91,8778.31,1.894
2019-12-27,1518.1,3240.02,8770.98,1.877
2019-12-30,1518.6,3221.29,8709.73,1.886
2019-12-31,1523.1,3230.78,8733.07,1.919
2020-01-02,1528.1,3257.85,8872.22,1.877
2020-01-03,1552.4,3234.85,8793.9,1.793
2020-01-06,1568.8,3246.28,8848.51,1.809
2020-01-07,1574.3,3237.18,8846.45,1.811
2020-01-08,1560.2,3253.05,8912.37,1.874
2020-01-09,1554.3,3274.7,8989.63,1.855
2020-01-10,1560.1,3265.35,8966.64,1.82
2020-01-13,1550.6,3288.13,9070.65,1.848
2020-01-14,1544.6,3283.15,9033.42,1.813
2020-01-15,1554.0,3289.29,9035.67,1.786
2020-01-16,1550.5,3316.81,9125.0,1.809
2020-01-17,1560.3,3329.62,9173.73,1.825
2020-01-21,1560.8,3320.79,9166.63,1.774
2020-01-22,1556.7,3321.75,9188.58,1.769
2020-01-23,1565.4,3325.54,9216.98,1.731
2020-01-24,1571.9,3295.47,9141.47,1.686
2020-01-27,1577.4,3243.63,8952.18,1.613
2020-01-28,1569.8,3276.24,9090.93,1.661
2020-01-29,1570.4,3273.4,9101.61,1.581
2020-01-30,1589.2,3283.66,9136.09,1.591
2020-01-31,1587.9,3225.52,8991.51,1.505
2020-02-03,1582.4,3248.92,9126.23,1.526
2020-02-04,1555.5,3297.59,9334.06,1.603
2020-02-05,1562.8,3334.69,9367.48,1.649
2020-02-06,1570.0,3345.78,9445.92,1.644
2020-02-07,1573.4,3327.71,9401.1,1.582
2020-02-10,1579.5,3352.09,9516.84,1.563
2020-02-11,1570.1,3357.75,9517.86,1.602
2020-02-12,1571.6,3379.45,9613.2,1.637
2020-02-13,1578.8,3373.94,9595.7,1.619
2020-02-14,1586.4,3380.16,9623.58,1.588
2020-02-18,1603.6,3370.29,9629.8,1.559
2020-02-19,1611.8,3386.15,9718.73,1.568
2020-02-20,1620.5,3373.23,9627.83,1.519
2020-02-21,1648.8,3337.75,9446.69,1.473
2020-02-24,1676.6,3225.89,9079.63,1.37
2020-02-25,1650.0,3128.21,8834.86,1.355
2020-02-26,1643.1,3116.39,8873.76,1.335
2020-02-27,1642.5,2978.76,8436.67,1.274
2020-02-28,1566.7,2954.22,8461.83,1.163
2020-03-02,1594.8,3090.23,8877.98,1.152
2020-03-03,1644.4,3003.37,8594.49,0.999
2020-03-04,1643.0,3130.12,8949.28,1.055
2020-03-05,1668.0,3023.94,8671.66,0.917
2020-03-06,1672.4,2972.37,8530.34,0.773
2020-03-09,1675.7,2746.56,7948.03,0.559
2020-03-10,1660.3,2882.23,8372.26,0.8
2020-03-11,1642.3,2741.38,8006.12,0.877
2020-03-12,1590.3,2480.64,7263.65,0.812
2020-03-13,1516.7,2711.02,7995.26,0.983
2020-03-16,1486.5,2386.13,7020.38,0.74
2020-03-17,1525.8,2529.19,7473.95,1.069
2020-03-18,1477.9,2398.1,7175.18,1.183
2020-03-19,1479.3,2409.39,7288.52,1.158
2020-03-20,1484.6,2304.92,6994.29,0.885
2020-03-23,1567.6,2237.4,7006.92,0.763
2020-03-24,1660.8,2447.33,7553.82,0.858
2020-03-25,1633.4,2475.56,7469.61,0.869
2020-03-26,1651.2,2630.07,7897.13,0.848
2020-03-27,1654.1,2541.47,7588.37,0.676
2020-03-30,1643.2,2626.65,7889.01,0.726
2020-03-31,1596.6,2584.59,7813.5,0.668
2020-04-01,1591.4,2470.5,7486.29,0.602
2020-04-02,1637.7,2526.9,7635.66,0.611
2020-04-03,1645.7,2488.65,7528.11,0.599
2020-04-06,1693.9,2663.68,8081.66,0.678
2020-04-07,1683.7,2659.41,8049.31,0.726
2020-04-08,1684.3,2749.98,8229.54,0.771
2020-04-09,1752.8,2789.82,8238.53,0.729
2020-04-13,1761.4,2761.63,8332.74,0.77
2020-04-14,1768.9,2846.06,8692.16,0.75
2020-04-15,1740.2,2783.36,8591.96,0.635
2020-04-16,1731.7,2799.55,8757.83,0.617
2020-04-17,1698.8,2874.56,8832.41,0.642
2020-04-20,1711.2,2823.16,8726.51,0.616
2020-04-21,1687.8,2736.56,8403.0,0.566
2020-04-22,1738.3,2799.31,8664.64,0.618
2020-04-23,1745.4,2797.8,8641.5,0.603
2020-04-24,1735.6,2836.74,8786.6,0.605
2020-04-27,1723.8,2878.48,8837.66,0.664
2020-04-28,1722.2,2863.39,8677.6,0.616
2020-04-29,1713.4,2939.51,8982.76,0.628
2020-04-30,1694.2,2912.43,9000.51,0.646
2020-05-01,1700.9,2830.71,8718.18,0.618
2020-05-04,1713.3,2842.74,8834.11,0.631
2020-05-05,1710.6,2868.44,8930.62,0.662
2020-05-06,1688.5,2848.42,8984.86,0.709
2020-05-07,1725.8,2881.19,9101.88,0.639
2020-05-08,1713.9,2929.8,9220.35,0.685
2020-05-11,1698.0,2930.32,9298.92,0.707
2020-05-12,1706.8,2870.12,9112.45,0.667
2020-05-13,1716.4,2820.0,9000.08,0.654
2020-05-14,1740.9,2852.5,9094.42,0.617
2020-05-15,1756.3,2863.7,9152.64,0.644
2020-05-18,1734.4,2953.91,9331.93,0.726
2020-05-19,1745.6,2922.94,9298.54,0.692
2020-05-20,1752.1,2971.61,9485.02,0.69
2020-05-21,1721.9,2948.51,9377.99,0.68
2020-05-22,1735.5,2955.45,9413.99,0.657
2020-05-26,1717.3,2991.77,9389.98,0.695
2020-05-27,1710.7,3036.13,9442.05,0.695
2020-05-28,1728.3,3029.73,9416.71,0.697
2020-05-29,1751.7,3044.31,9555.52,0.653
2020-06-01,1750.3,3055.73,9598.89,0.667
2020-06-02,1734.0,3080.82,9657.31,0.687
2020-06-03,1704.8,3122.87,9704.69,0.746
2020-06-04,1727.4,3112.35,9629.66,0.825
2020-06-05,1683.0,3193.93,9824.39,0.893
2020-06-08,1705.1,3232.39,9901.52,0.878
2020-06-09,1721.9,3207.18,9967.17,0.824
2020-06-10,1720.7,3190.14,10094.26,0.736
2020-06-11,1739.8,3002.1,9588.48,0.666
2020-06-12,1737.3,3041.31,9663.77,0.71
2020-06-15,1727.2,3066.59,9776.89,0.72
2020-06-16,1736.5,3124.74,9949.37,0.741
2020-06-17,1735.6,3113.49,9982.48,0.733
2020-06-18,1731.1,3115.34,10012.05,0.707
2020-06-19,1753.0,3097.74,10008.64,0.694
2020-06-22,1766.4,3117.86,10130.33,0.71
2020-06-23,1782.0,3131.29,10209.82,0.715
2020-06-24,1775.1,3050.33,10002.7,0.679
2020-06-25,1770.6,3083.76,10101.83,0.682
2020-06-26,1780.3,3009.05,9849.36,0.64
2020-06-29,1781.2,3053.24,9961.16,0.627
2020-06-30,1800.5,3100.29,10156.85,0.658
2020-07-01,1779.9,3115.86,10279.25,0.676
2020-07-02,1790.0,3130.01,10341.89,0.669
2020-07-06,1799.0,3179.72,10604.06,0.678
2020-07-07,1809.9,3145.32,10524.01,0.64
2020-07-08,1820.6,3169.94,10666.7,0.666
2020-07-09,1803.8,3152.05,10754.59,0.613
2020-07-10,1801.9,3185.04,10836.33,0.643
2020-07-13,1814.1,3155.22,10602.21,0.618
2020-07-14,1813.4,3197.52,10689.52,0.625
2020-07-15,1813.8,3226.56,10701.68,0.633
2020-07-16,1800.3,3215.57,10626.46,0.618
2020-07-17,1810.0,3224.73,10645.22,0.623
2020-07-20,1817.4,3251.84,10952.08,0.613
2020-07-21,1843.9,3257.3,10833.07,0.605
2020-07-22,1865.1,3276.02,10870.75,0.6
2020-07-23,1890.0,3235.66,10580.59,0.577
2020-07-24,1897.5,3215.63,10483.13,0.587
2020-07-27,1931.0,3239.41,10674.38,0.615
2020-07-28,1944.6,3218.44,10532.5,0.579
2020-07-29,1953.4,3258.44,10662.98,0.577
2020-07-30,1966.8,3246.22,10715.51,0.545
2020-07-31,1985.9,3271.12,10905.88,0.533
2020-08-03,1986.3,3294.61,11055.08,0.554
2020-08-04,2021.0,3306.51,11096.54,0.512
2020-08-05,2049.3,3327.77,11125.44,0.549
2020-08-06,2069.4,3349.16,11267.08,0.538
2020-08-07,2028.0,3351.28,11139.39,0.566
2020-08-10,2039.7,3360.47,11085.17,0.581
2020-08-11,1946.3,3333.69,10876.08,0.643
2020-08-12,1949.0,3380.35,11157.72,0.673
2020-08-13,1970.4,3373.43,11178.37,0.717
2020-08-14,1949.8,3372.85,11164.45,0.709
2020-08-17,1998.7,3381.99,11288.57,0.692
2020-08-18,2013.1,3389.78,11399.03,0.67
2020-08-19,1970.3,3374.85,11318.64,0.685
2020-08-20,1946.5,3385.51,11477.05,0.652
2020-08-21,1947.0,3397.16,11555.16,0.636
2020-08-24,1939.2,3431.28,11626.17,0.654
2020-08-25,1923.1,3443.62,11721.81,0.688
2020-08-26,1952.5,3478.73,11971.94,0.688
2020-08-27,1932.6,3484.55,11926.16,0.754
2020-08-28,1974.9,3508.01,11995.85,0.724
2020-08-31,1978.6,3500.31,12110.7,0.706
2020-09-01,1978.9,3526.65,12292.86,0.672
2020-09-02,1944.7,3580.84,12420.54,0.648
2020-09-03,1937.8,3455.06,11771.36,0.636
2020-09-04,1934.3,3426.96,11622.13,0.721
2020-09-08,1939.5,3331.84,11068.26,0.682
2020-09-09,1954.9,3398.96,11395.85,0.698
2020-09-10,1964.3,3339.19,11154.12,0.682
2020-09-11,1947.9,3340.97,11087.4,0.669
2020-09-14,1963.7,3383.54,11277.76,0.676
2020-09-15,1966.2,3401.2,11438.87,0.68
2020-09-16,1970.5,3385.49,11247.6,0.698
2020-09-17,1949.9,3357.01,11080.95,0.689
2020-09-18,1962.1,3319.47,10936.98,0.697
2020-09-21,1910.6,3281.06,10980.22,0.669
2020-09-22,1907.6,3315.57,11186.37,0.671
2020-09-23,1868.4,3236.92,10833.33,0.677
2020-09-24,1876.9,3246.59,10896.47,0.668
2020-09-25,1866.3,3298.46,11151.13,0.656
2020-09-28,1882.3,3351.6,11364.45,0.658
2020-09-29,1903.2,3335.47,11322.95,0.651
2020-09-30,1895.5,3363.0,11418.06,0.686
2020-10-01,1916.3,3380.8,11583.2,0.679
2020-10-02,1907.6,3348.44,11255.69,0.704
2020-10-05,1920.1,3408.63,11509.06,0.778
2020-10-06,1908.8,3360.95,11291.27,0.734
2020-10-07,1890.8,3419.45,11503.19,0.784
2020-10-08,1895.1,3446.83,11550.94,0.779
2020-10-09,1926.2,3477.13,11725.85,0.779
2020-10-12,1928.9,3534.22,12088.11,0.764
2020-10-13,1894.6,3511.93,12083.17,0.729
2020-10-14,1907.3,3488.67,11985.36,0.727
2020-10-15,1908.9,3483.34,11898.57,0.739
2020-10-16,1906.4,3483.81,11852.17,0.749
2020-10-19,1911.7,3426.92,11634.35,0.772
2020-10-20,1915.4,3443.12,11677.84,0.786
2020-10-21,1929.5,3435.56,11665.37,0.821
2020-10-22,1904.6,3453.49,11662.91,0.861
2020-10-23,1905.2,3465.39,11692.57,0.841
2020-10-26,1905.7,3400.97,11504.52,0.803
2020-10-27,1911.9,3390.68,11598.94,0.771
2020-10-28,1879.2,3271.03,11142.76,0.774
2020-10-29,1868.0,3310.11,11350.74,0.831
2020-10-30,1879.9,3269.96,11052.95,0.874
2020-11-02,1892.5,3310.24,11084.76,0.852
2020-11-03,1910.4,3369.16,11279.91,0.896
2020-11-04,1896.2,3443.44,11777.02,0.771
2020-11-05,1946.8,3510.45,12078.07,0.766
2020-11-06,1951.7,3509.44,12091.35,0.82
2020-11-09,1854.4,3550.5,11830.39,0.924
2020-11-10,1876.4,3545.53,11624.29,0.96
2020-11-11,1861.6,3572.66,11892.93,0.977
2020-11-12,1873.3,3537.01,11827.14,0.883
2020-11-13,1886.2,3585.15,11937.84,0.898
2020-11-16,1887.8,3626.91,12013.39,0.911
2020-11-17,1885.1,3609.53,11977.49,0.862
2020-11-18,1873.9,3567.79,11894.71,0.87
2020-11-19,1861.5,3581.87,11985.43,0.842
2020-11-20,1872.4,3557.54,11906.44,0.824
2020-11-23,1837.8,3577.59,11905.94,0.859
2020-11-24,1804.6,3635.41,12079.81,0.885
2020-11-25,1805.5,3629.65,12152.22,0.882
2020-11-27,1788.1,3638.35,12258.21,0.842
2020-11-30,1780.9,3621.63,12268.32,0.842
2020-12-01,1818.9,3662.45,12455.33,0.929
2020-12-02,1830.2,3669.01,12456.41,0.938
2020-12-03,1841.1,3666.72,12467.13,0.911
2020-12-04,1840.0,3699.12,12528.48,0.973
2020-12-07,1866.0,3691.96,12596.47,0.928
2020-12-08,1874.9,3702.25,12635.72,0.921
2020-12-09,1838.5,3672.82,12364.64,0.938
2020-12-10,1837.4,3668.1,12401.74,0.906
2020-12-11,1843.6,3663.46,12375.41,0.896
2020-12-14,1832.1,3647.49,12462.21,0.898
2020-12-15,1855.3,3694.62,12595.92,0.911
2020-12-16,1859.1,3701.17,12668.16,0.92
2020-12-17,1890.4,3722.48,12752.06,0.935
2020-12-18,1888.9,3709.41,12738.18,0.945
2020-12-21,1882.8,3694.92,12690.26,0.938
2020-12-22,1870.3,3687.26,12717.56,0.921
2020-12-23,1878.1,3690.01,12653.14,0.945
2020-12-24,1883.2,3703.06,12711.01,0.926
2020-12-28,1880.4,3735.36,12838.86,0.923
2020-12-29,1882.9,3727.04,12843.49,0.94
2020-12-30,1893.4,3732.04,12845.36,0.926
2020-12-31,1895.1,3756.07,12888.28,0.916
2021-01-04,1946.6,3700.65,12694.67,0.918
2021-01-05,1954.4,3726.86,12802.38,0.955
2021-01-06,1908.6,3748.14,12623.35,1.039
2021-01-07,1913.6,3803.79,12939.57,1.081
2021-01-08,1835.4,3824.68,13105.2,1.119
2021-01-11,1850.8,3799.61,12902.49,1.144
2021-01-12,1844.2,3801.19,12892.09,1.129
2021-01-13,1854.9,3809.84,12973.63,1.092
2021-01-14,1851.4,3795.54,12898.69,1.129
2021-01-15,1829.9,3768.25,12803.93,1.087
2021-01-19,1842.0,3798.91,12996.54,1.092
2021-01-20,1866.5,3851.85,13296.45,1.077
2021-01-21,1865.9,3853.07,13404.99,1.109
2021-01-22,1856.2,3841.47,13366.4,1.086
2021-01-25,1855.2,3855.36,13483.29,1.033
2021-01-26,1850.9,3849.62,13490.19,1.033
2021-01-27,1844.9,3750.77,13112.65,1.013
2021-01-28,1841.2,3787.38,13201.53,1.052
2021-01-29,1850.3,3714.24,12925.38,1.071
2021-02-01,1863.9,3773.86,13248.9,1.079
2021-02-02,1833.4,3826.31,13456.12,1.095
2021-02-03,1835.1,3830.17,13402.37,1.139
2021-02-04,1791.2,3871.74,13560.89,1.136
2021-02-05,1813.0,3886.83,13603.96,1.169
2021-02-08,1834.2,3915.59,13695.02,1.176
2021-02-09,1837.5,3911.23,13687.08,1.16
2021-02-10,1842.7,3909.88,13655.27,1.124
2021-02-11,1826.8,3916.38,13734.35,1.165
2021-02-12,1823.2,3934.83,13807.7,1.21
2021-02-16,1799.0,3932.59,13773.77,1.311
2021-02-17,1772.8,3931.33,13699.71,1.282
2021-02-18,1775.0,3913.97,13637.51,1.297
2021-02-19,1777.4,3906.71,13580.78,1.34
2021-02-22,1808.4,3876.5,13223.74,1.369
2021-02-23,1805.9,3881.37,13194.71,1.343
2021-02-24,1797.9,3925.43,13302.19,1.372
2021-02-25,1775.4,3829.34,12828.31,1.53
2021-02-26,1728.8,3811.15,12909.44,1.407
2021-03-01,1723.0,3901.82,13282.95,1.426
2021-03-02,1733.6,3870.29,13059.95,1.398
2021-03-03,1715.8,3819.72,12683.33,1.484
2021-03-04,1700.7,3768.47,12464.0,1.557
2021-03-05,1698.5,3841.94,12668.51,1.577
2021-03-08,1678.0,3821.35,12299.08,1.603
2021-03-09,1716.9,3875.44,12794.49,1.528
2021-03-10,1721.8,3898.81,12752.07,1.521
2021-03-11,1722.6,3939.34,13052.9,1.535
2021-03-12,1719.8,3943.34,12937.29,1.625
2021-03-15,1729.2,3968.94,13082.54,1.607
2021-03-16,1730.9,3962.71,13152.28,1.621
2021-03-17,1727.1,3974.12,13202.38,1.646
2021-03-18,1732.5,3915.46,12789.14,1.706
2021-03-19,1741.7,3913.1,12866.99,1.73
2021-03-22,1738.1,3940.59,13086.51,1.695
2021-03-23,1725.1,3910.52,13017.79,1.622
2021-03-24,1733.2,3889.14,12798.88,1.614
2021-03-25,1725.1,3909.52,12780.51,1.633
2021-03-26,1732.3,3974.54,12979.12,1.674
2021-03-29,1712.2,3971.09,12965.74,1.717
2021-03-30,1686.0,3958.55,12896.53,1.71
2021-03-31,1715.6,3972.89,13091.44,1.744
2021-04-01,1728.4,4019.87,13329.51,1.673
2021-04-05,1728.8,4077.91,13598.16,1.707
2021-04-06,1743.0,4073.94,13578.46,1.658
2021-04-07,1741.6,4079.95,13616.7,1.679
2021-04-08,1758.2,4097.17,13758.5,1.626
2021-04-09,1744.8,4128.8,13845.06,1.662
2021-04-12,1732.7,4127.99,13819.35,1.669
2021-04-13,1747.6,4141.59,13986.49,1.62
2021-04-14,1736.3,4124.66,13803.91,1.634
2021-04-15,1766.8,4170.42,14026.19,1.574
2021-04-16,1780.2,4185.47,14041.91,1.59
2021-04-19,1770.6,4163.26,13907.67,1.61
2021-04-20,1778.4,4134.94,13809.3,1.566
2021-04-21,1793.1,4173.42,13935.15,1.559
2021-04-22,1782.0,4134.98,13762.36,1.542
2021-04-23,1777.8,4180.17,13941.44,1.559
2021-04-26,1780.1,4187.62,14026.16,1.568
2021-04-27,1778.8,4186.72,13960.28,1.625
2021-04-28,1773.9,4183.18,13901.62,1.611
2021-04-29,1768.3,4211.47,13970.2,1.641
2021-04-30,1767.7,4181.17,13860.76,1.626
2021-05-03,1791.8,4192.66,13799.72,1.599
2021-05-04,1776.0,4164.66,13544.67,1.591
2021-05-05,1784.3,4167.59,13503.37,1.571
2021-05-06,1815.7,4201.62,13613.73,1.57
2021-05-07,1831.3,4232.6,13719.63,1.579
2021-05-10,1837.6,4188.43,13359.08,1.604
2021-05-11,1836.1,4152.1,13351.27,1.622
2021-05-12,1822.8,4063.04,13001.63,1.693
2021-05-13,1824.0,4112.5,13109.15,1.659
2021-05-14,1838.1,4173.85,13393.11,1.635
2021-05-17,1867.6,4163.29,13312.91,1.652
2021-05-18,1868.0,4127.83,13217.68,1.64
2021-05-19,1881.5,4115.68,13237.91,1.676
2021-05-20,1881.9,4159.12,13494.09,1.628
2021-05-21,1876.7,4155.86,13411.74,1.623
2021-05-24,1884.5,4197.05,13641.75,1.603
2021-05-25,1898.0,4188.13,13657.73,1.56
2021-05-26,1901.2,4195.99,13702.74,1.581
2021-05-27,1895.7,4200.88,13657.85,1.606
2021-05-28,1905.3,4204.11,13686.51,1.581
2021-06-01,1905.0,4202.04,13654.59,1.606
2021-06-02,1909.9,4208.12,13675.79,1.589
2021-06-03,1873.3,4192.85,13529.68,1.625
2021-06-04,1892.0,4229.89,13770.77,1.557
2021-06-07,1898.8,4226.52,13802.89,1.569
2021-06-08,1894.4,4227.26,13810.86,1.538
2021-06-09,1895.5,4219.55,13814.94,1.492
2021-06-10,1896.4,4239.18,13960.35,1.437
2021-06-11,1879.6,4247.44,13998.3,1.454
2021-06-14,1865.9,4255.15,14128.2,1.497
2021-06-15,1856.4,4246.59,14030.41,1.489
2021-06-16,1861.4,4223.7,13983.01,1.581
2021-06-17,1774.8,4221.86,14163.81,1.511
2021-06-18,1769.0,4166.45,14049.58,1.443
2021-06-21,1782.9,4224.79,14137.23,1.497
2021-06-22,1777.4,4246.44,14270.42,1.467
2021-06-23,1783.4,4241.84,14274.24,1.485
2021-06-24,1776.7,4266.49,14365.96,1.499
2021-06-25,1777.8,4280.7,14345.18,1.524
2021-06-28,1780.7,4290.61,14524.98,1.482
2021-06-29,1763.6,4291.8,14572.75,1.475
2021-06-30,1771.6,4297.5,14554.8,1.468
2021-07-01,1776.8,4319.94,14560.05,1.459
2021-07-02,1783.3,4352.34,14727.63,1.431
2021-07-06,1795.0,4343.54,14786.36,1.352
2021-07-07,1802.1,4358.13,14810.53,1.323
2021-07-08,1800.2,4320.82,14722.14,1.294
2021-07-09,1810.6,4369.55,14826.09,1.361
2021-07-12,1805.9,4384.63,14877.89,1.368
2021-07-13,1809.9,4369.21,14874.54,1.418
2021-07-14,1825.0,4374.3,14900.44,1.349
2021-07-15,1829.0,4360.03,14794.69,1.301
2021-07-16,1815.0,4327.16,14681.38,1.3
2021-07-19,1809.2,4258.63,14549.09,1.199
2021-07-20,1811.4,4323.21,14728.21,1.222
2021-07-21,1803.4,4358.69,14842.63,1.292
2021-07-22,1805.4,4367.48,14940.17,1.277
2021-07-23,1801.8,4411.8,15111.79,1.281
2021-07-26,1799.2,4422.23,15125.95,1.295
2021-07-27,1799.8,4401.46,14956.97,1.239
2021-07-28,1799.7,4400.65,15018.1,1.238
2021-07-29,1835.8,4419.15,15048.36,1.266
2021-07-30,1817.2,4395.26,14959.9,1.226
2021-08-02,1822.2,4387.11,14963.62,1.179
2021-08-03,1814.1,4423.15,15061.42,1.174
2021-08-04,1814.5,4402.68,15083.39,1.18
2021-08-05,1808.9,4429.1,15181.64,1.225
2021-08-06,1763.1,4436.52,15109.36,1.305
2021-08-09,1726.5,4432.35,15133.11,1.325
2021-08-10,1731.7,4436.75,15053.58,1.354
2021-08-11,1753.3,4447.7,15027.76,1.335
2021-08-12,1751.8,4460.84,15088.98,1.361
2021-08-13,1778.2,4468.0,15136.68,1.283
2021-08-16,1789.8,4479.66,15140.77,1.268
2021-08-17,1787.8,4448.08,15002.83,1.267
2021-08-18,1784.4,4400.27,14857.92,1.26
2021-08-19,1783.1,4405.8,14933.93,1.243
2021-08-20,1784.0,4441.67,15092.57,1.255
2021-08-23,1806.3,4479.54,15312.82,1.253
2021-08-24,1808.5,4486.23,15357.68,1.297
2021-08-25,1791.0,4496.19,15368.92,1.349
2021-08-26,1795.2,4469.91,15278.52,1.354
2021-08-27,1819.5,4509.37,15432.95,1.31
2021-08-30,1812.2,4528.79,15605.09,1.28
2021-08-31,1818.1,4522.68,15582.51,1.307
2021-09-01,1816.0,4524.09,15611.57,1.299
2021-09-02,1811.5,4536.95,15604.25,1.285
2021-09-03,1833.7,4535.43,15652.86,1.326
2021-09-07,1797.4,4520.03,15675.76,1.377
2021-09-08,1793.5,4514.07,15620.85,1.336
2021-09-09,1800.0,4493.28,15561.05,1.297
2021-09-10,1792.1,4458.58,15440.75,1.343
2021-09-13,1794.4,4468.73,15434.5,1.326
2021-09-14,1807.1,4443.05,15382.9,1.284
2021-09-15,1794.8,4480.7,15503.53,1.304
2021-09-16,1756.7,4473.76,15515.91,1.336
2021-09-17,1751.4,4432.99,15333.47,1.363
2021-09-20,1763.8,4357.73,15012.18,1.312
2021-09-21,1778.2,4354.18,15027.77,1.328
2021-09-22,1778.8,4395.64,15176.51,1.304
2021-09-23,1749.8,4448.98,15316.58,1.435
2021-09-24,1751.7,4455.48,15329.68,1.453
2021-09-27,1752.0,4443.11,15204.83,1.491
2021-09-28,1737.5,4352.63,14770.3,1.546
2021-09-29,1722.9,4359.46,14752.89,1.524
2021-09-30,1757.0,4307.54,14689.62,1.492
2021-10-01,1758.4,4357.05,14791.87,1.465
2021-10-04,1767.6,4300.46,14472.12,1.481
2021-10-05,1760.9,4345.72,14674.15,1.528
2021-10-06,1761.8,4363.55,14766.75,1.528
2021-10-07,1759.2,4399.76,14897.13,1.576
2021-10-08,1757.4,4391.36,14820.75,1.612
2021-10-11,1755.7,4361.19,14713.73,1.628
2021-10-12,1759.3,4350.64,14662.11,1.572
2021-10-13,1794.7,4363.8,14774.6,1.542
2021-10-14,1797.9,4438.23,15052.42,1.516
2021-10-15,1768.3,4471.37,15146.92,1.574
2021-10-18,1765.7,4486.48,15300.89,1.591
2021-10-19,1770.5,4519.63,15410.72,1.641
2021-10-20,1784.9,4536.19,15388.71,1.66
2021-10-21,1781.9,4549.78,15489.59,1.696
2021-10-22,1796.3,4544.9,15355.07,1.638
2021-10-25,1806.8,4566.48,15514.19,1.633
2021-10-26,1793.4,4574.79,15559.49,1.61
2021-10-27,1798.8,4551.68,15598.39,1.55
2021-10-28,1802.6,4596.42,15778.16,1.578
2021-10-29,1783.9,4605.38,15850.47,1.561
2021-11-01,1795.8,4613.67,15905.28,1.561
2021-11-02,1789.4,4630.65,15972.49,1.547
2021-11-03,1763.9,4660.57,16144.5,1.603
2021-11-04,1793.5,4680.06,16346.24,1.53
2021-11-05,1816.8,4697.53,16359.38,1.455
2021-11-08,1828.0,4701.7,16336.03,1.493
2021-11-09,1830.8,4685.25,16219.93,1.439
2021-11-10,1848.3,4646.71,15985.57,1.57
2021-11-11,1863.9,4649.27,16032.47,1.578
2021-11-12,1868.5,4682.85,16199.89,1.57
2021-11-15,1866.6,4682.81,16189.11,1.618
2021-11-16,1854.1,4700.9,16309.77,1.64
2021-11-17,1870.2,4688.67,16308.07,1.585
2021-11-18,1861.4,4706.64,16482.97,1.587
2021-11-19,1851.6,4697.96,16573.34,1.548
2021-11-22,1806.3,4682.95,16380.98,1.632
2021-11-23,1783.8,4690.7,16306.72,1.676
2021-11-24,1784.3,4701.46,16367.81,1.643
2021-11-26,1786.9,4594.62,16025.58,1.482
2021-11-29,1785.2,4655.27,16399.24,1.502
2021-11-30,1776.5,4567.0,16135.92,1.456
2021-12-01,1784.3,4513.04,15877.72,1.404
2021-12-02,1762.7,4577.1,15990.76,1.444
2021-12-03,1783.9,4538.43,15712.04,1.356
2021-12-06,1779.5,4591.67,15846.16,1.433
2021-12-07,1784.7,4686.75,16325.66,1.482
2021-12-08,1785.5,4701.21,16394.34,1.528
2021-12-09,1776.7,4667.45,16149.57,1.497
2021-12-10,1784.8,4712.02,16331.98,1.482
2021-12-13,1788.3,4669.15,16082.55,1.414
2021-12-14,1772.3,4634.09,15914.9,1.441
2021-12-15,1764.5,4709.84,16289.59,1.458
2021-12-16,1798.2,4668.67,15863.94,1.424
2021-12-17,1804.9,4620.64,15801.46,1.407
2021-12-20,1794.6,4568.02,15627.64,1.428
2021-12-21,1788.7,4649.23,15986.28,1.467
2021-12-22,1802.2,4696.56,16180.14,1.453
2021-12-23,1811.7,4725.78,16308.21,1.493
2021-12-27,1808.8,4791.19,16567.5,1.477
2021-12-28,1810.9,4786.36,16488.66,1.484
2021-12-29,1805.8,4793.06,16491.01,1.556
2021-12-30,1814.1,4778.73,16429.1,1.507
2021-12-31,1828.6,4766.18,16320.08,1.512
2022-01-03,1800.1,4796.56,16501.77,1.637
2022-01-04,1814.6,4793.54,16279.73,1.649
2022-01-05,1825.1,4700.58,15771.77,1.7
2022-01-06,1789.2,4696.05,15765.36,1.728
2022-01-07,1797.4,4677.02,15592.19,1.765
2022-01-10,1798.8,4670.29,15614.43,1.755
2022-01-11,1818.5,4713.07,15844.12,1.746
2022-01-12,1827.3,4726.35,15905.1,1.752
2022-01-13,1821.4,4659.02,15495.62,1.701
2022-01-14,1816.5,4662.85,15611.59,1.793
2022-01-18,1814.1,4577.34,15210.76,1.875
2022-01-19,1843.2,4532.76,15047.84,1.854
2022-01-20,1842.6,4482.73,14846.46,1.811
2022-01-21,1831.8,4397.93,14438.4,1.77
2022-01-24,1841.7,4410.13,14509.58,1.776
2022-01-25,1852.5,4356.45,14149.12,1.776
2022-01-26,1829.7,4349.93,14172.76,1.873
2022-01-27,1793.1,4326.5,14003.11,1.803
2022-01-28,1786.6,4431.85,14454.61,1.778
2022-01-31,1796.4,4515.55,14930.05,1.784
2022-02-01,1801.5,4546.54,15019.68,1.795
2022-02-02,1810.3,4589.32,15139.74,1.771
2022-02-03,1804.1,4477.44,14501.11,1.836
2022-02-04,1807.8,4500.54,14694.35,1.916
2022-02-07,1821.8,4483.87,14571.25,1.919
2022-02-08,1827.9,4521.54,14747.03,1.965
2022-02-09,1836.6,4587.18,15056.96,1.945
2022-02-10,1837.4,4504.06,14705.64,2.043
2022-02-11,1842.1,4418.64,14253.84,1.918
2022-02-14,1869.4,4401.67,14268.59,1.986
2022-02-15,1856.2,4471.07,14620.82,2.043
2022-02-16,1871.5,4475.01,14603.64,2.04
2022-02-17,1902.0,4380.26,14171.74,1.968
2022-02-18,1899.8,4348.87,14009.54,1.927
2022-02-22,1907.4,4304.74,13870.53,1.944
2022-02-23,1910.4,4225.5,13509.43,1.998
2022-02-24,1926.3,4288.7,13974.67,1.97
2022-02-25,1887.6,4384.62,14189.16,1.97
2022-02-28,1900.7,4373.79,14237.81,1.822
2022-03-01,1943.8,4306.26,14005.99,1.716
2022-03-02,1922.3,4386.54,14243.69,1.878
2022-03-03,1935.9,4363.49,14035.21,1.84
2022-03-04,1966.6,4328.87,13837.83,1.737
2022-03-07,1995.9,4201.09,13319.38,1.777
2022-03-08,2043.3,4170.62,13267.6,1.84
2022-03-09,1988.2,4277.88,13742.2,1.951
2022-03-10,2000.4,4259.52,13591.0,1.993
2022-03-11,1985.0,4204.31,13301.83,1.997
2022-03-14,1960.8,4173.11,13046.64,2.142
2022-03-15,1929.7,4262.45,13458.56,2.149
2022-03-16,1909.2,4357.95,13956.78,2.192
2022-03-17,1943.2,4411.67,14118.6,2.167
2022-03-18,1929.3,4463.09,14420.08,2.153
2022-03-21,1929.5,4461.18,14376.09,2.297
2022-03-22,1921.5,4511.61,14654.33,2.381
2022-03-23,1937.3,4456.23,14447.55,2.29
2022-03-24,1962.2,4520.16,14765.69,2.37
2022-03-25,1954.2,4543.04,14754.31,2.488
2022-03-28,1939.8,4575.52,14987.4,2.466
2022-03-29,1912.2,4631.6,15239.32,2.398
2022-03-30,1939.0,4602.45,15071.55,2.358
2022-03-31,1954.0,4530.41,14838.49,2.345
2022-04-01,1923.7,4545.86,14861.21,2.389
2022-04-04,1934.0,4582.64,15159.58,2.393
2022-04-05,1927.5,4525.12,14820.64,2.554
2022-04-06,1923.1,4481.15,14498.89,2.598
2022-04-07,1937.8,4500.21,14531.81,2.665
2022-04-08,1945.6,4488.28,14327.26,2.704
2022-04-11,1948.2,4412.53,13990.2,2.774
2022-04-12,1976.1,4397.45,13940.24,2.727
2022-04-13,1984.7,4446.59,14217.29,2.703
2022-04-14,1974.9,4392.59,13893.22,2.828
2022-04-18,1986.4,4391.69,13910.76,2.857
2022-04-19,1959.0,4462.21,14210.26,2.94
2022-04-20,1955.6,4459.45,13998.53,2.834
2022-04-21,1948.2,4393.66,13720.45,2.908
2022-04-22,1934.3,4271.78,13356.87,2.905
2022-04-25,1896.0,4296.12,13533.22,2.818
2022-04-26,1904.1,4175.2,13009.71,2.728
2022-04-27,1888.7,4183.96,13003.36,2.826
2022-04-28,1891.3,4287.5,13456.06,2.832
2022-04-29,1911.7,4131.93,12854.8,2.938
2022-05-02,1863.6,4155.38,13075.85,2.977
2022-05-03,1870.6,4175.48,13089.9,2.979
2022-05-04,1868.8,4300.17,13535.71,2.946
2022-05-05,1875.7,4152.38,12850.55,3.035
2022-05-06,1882.8,4123.34,12693.53,3.142
2022-05-09,1858.6,3991.24,12187.72,3.034
2022-05-10,1841.0,4001.05,12345.86,2.989
2022-05-11,1853.7,3935.18,11967.56,2.925
2022-05-12,1824.6,3930.08,11945.5,2.855
2022-05-13,1808.2,4023.89,12387.4,2.928
2022-05-16,1814.0,4008.01,12243.58,2.886
2022-05-17,1818.9,4088.85,12564.1,2.995
2022-05-18,1815.9,3923.68,11928.31,2.884
2022-05-19,1841.2,3900.79,11875.63,2.837
2022-05-20,1842.1,3901.36,11835.62,2.788
2022-05-23,1847.8,3973.75,12034.28,2.861
2022-05-24,1865.4,3941.48,11769.84,2.754
2022-05-25,1846.3,3978.73,11943.93,2.751
2022-05-26,1847.6,4057.84,12276.79,2.742
2022-05-27,1857.3,4158.24,12681.42,2.743
2022-05-31,1848.4,4132.15,12642.1,2.849
2022-06-01,1848.7,4101.23,12548.36,2.911
2022-06-02,1871.4,4176.82,12892.89,2.913
2022-06-03,1850.2,4108.54,12548.02,2.941
2022-06-06,1843.7,4121.43,12599.63,3.04
2022-06-07,1852.1,4160.68,12711.67,2.979
2022-06-08,1856.5,4115.77,12615.13,3.027
2022-06-09,1852.8,4017.82,12269.78,3.046
2022-06-10,1875.5,3900.86,11832.82,3.165
2022-06-13,1831.8,3749.63,11288.32,3.362
2022-06-14,1813.5,3735.48,11311.69,3.479
2022-06-15,1819.6,3789.99,11593.77,3.292
2022-06-16,1849.9,3666.77,11127.57,3.195
2022-06-17,1840.6,3674.84,11265.99,3.231
2022-06-21,1838.8,3764.79,11546.76,3.279
2022-06-22,1838.4,3759.89,11527.71,3.16
2022-06-23,1829.8,3795.73,11697.68,3.089
2022-06-24,1830.3,3911.74,12105.85,3.138
2022-06-27,1824.8,3900.11,12008.24,3.202
2022-06-28,1821.2,3821.55,11637.77,3.177
2022-06-29,1817.5,3818.83,11658.26,3.087
2022-06-30,1807.3,3785.38,11503.72,3.017
2022-07-01,1801.5,3825.33,11585.68,2.889
2022-07-05,1768.9,3831.39,11779.91,2.818
2022-07-06,1736.5,3845.08,11852.59,2.934
2022-07-07,1739.7,3902.62,12109.05,3.0
2022-07-08,1742.3,3899.38,12125.69,3.08
2022-07-11,1731.7,3854.43,11860.28,2.993
2022-07-12,1724.8,3818.8,11744.99,2.971
2022-07-13,1735.5,3801.78,11728.53,2.935
2022-07-14,1705.8,3790.38,11768.4,2.958
2022-07-15,1703.6,3863.16,11983.62,2.928
2022-07-18,1710.2,3830.85,11877.5,2.989
2022-07-19,1710.7,3936.69,12249.42,3.028
2022-07-20,1700.2,3959.9,12439.68,3.03
2022-07-21,1713.4,3998.95,12619.41,2.882
2022-07-22,1727.4,3961.63,12396.47,2.754
2022-07-25,1719.1,3966.84,12328.41,2.807
2022-07-26,1717.7,3921.05,12086.9,2.803
2022-07-27,1719.1,4023.61,12601.47,2.785
2022-07-28,1769.2,4072.43,12717.87,2.671
2022-07-29,1781.8,4130.29,12947.98,2.658
2022-08-01,1787.7,4118.63,12940.78,2.588
2022-08-02,1789.7,4091.19,12901.6,2.748
2022-08-03,1776.4,4155.17,13253.26,2.706
2022-08-04,1806.9,4151.94,13311.04,2.694
2022-08-05,1791.2,4145.19,13207.69,2.827
2022-08-08,1805.2,4140.06,13159.16,2.75
2022-08-09,1812.3,4122.47,13008.17,2.779
2022-08-10,1813.7,4210.24,13378.32,2.785
2022-08-11,1807.2,4207.27,13291.99,2.889
2022-08-12,1815.5,4280.15,13565.87,2.842
2022-08-15,1798.1,4297.14,13667.18,2.793
2022-08-16,1789.7,4305.2,13635.21,2.808
2022-08-17,1776.7,4274.04,13470.86,2.902
2022-08-18,1771.2,4283.74,13505.99,2.886
2022-08-19,1762.9,4228.48,13242.9,2.976
2022-08-22,1748.4,4137.99,12890.54,3.024
2022-08-23,1761.2,4128.73,12881.79,3.057
2022-08-24,1761.5,4140.77,12917.86,3.109
2022-08-25,1771.4,4199.12,13143.58,3.031
2022-08-26,1749.8,4057.66,12605.17,3.03
2022-08-29,1749.7,4030.61,12484.32,3.114
2022-08-30,1736.3,3986.16,12342.7,3.112
2022-08-31,1726.2,3955.0,12272.03,3.196
2022-09-01,1709.3,3966.85,12274.62,3.259
2022-09-02,1722.6,3924.26,12098.44,3.195
2022-09-06,1707.9,3908.19,12011.31,3.351
2022-09-07,1727.8,3979.87,12259.39,3.267
2022-09-08,1720.2,4006.18,12321.19,3.323
2022-09-09,1728.6,4067.36,12588.29,3.315
2022-09-12,1740.6,4110.41,12739.72,3.358
2022-09-13,1717.4,3932.69,12033.62,3.412
2022-09-14,1709.1,3946.01,12134.4,3.404
2022-09-15,1677.3,3901.35,11927.49,3.449
2022-09-16,1683.5,3873.33,11861.38,3.455
2022-09-19,1678.2,3899.89,11953.27,3.494
2022-09-20,1671.1,3855.93,11851.54,3.569
2022-09-21,1675.7,3789.93,11637.79,3.534
2022-09-22,1681.1,3757.99,11501.65,3.71
2022-09-23,1655.6,3693.23,11311.24,3.687
2022-09-26,1633.4,3655.04,11254.11,3.928
2022-09-27,1636.2,3647.29,11271.75,3.949
2022-09-28,1670.0,3719.04,11493.83,3.737
2022-09-29,1668.6,3640.47,11164.78,3.782
2022-09-30,1672.0,3585.62,10971.22,3.829
2022-10-03,1702.0,3678.43,11229.73,3.643
2022-10-04,1730.5,3790.93,11582.54,3.635
2022-10-05,1720.8,3783.28,11573.18,3.755
2022-10-06,1720.8,3744.52,11485.5,3.828
2022-10-07,1709.3,3639.66,11039.47,3.888
2022-10-10,1675.2,3612.39,10926.97,3.955
2022-10-11,1686.0,3588.84,10791.35,3.945
2022-10-12,1677.5,3577.03,10785.61,3.902
2022-10-13,1677.0,3669.91,11033.58,3.95
2022-10-14,1648.9,3583.07,10692.06,4.023
2022-10-17,1664.0,3677.95,11062.53,4.012
2022-10-18,1655.8,3719.98,11147.74,4.007
2022-10-19,1634.2,3695.16,11103.38,4.138
2022-10-20,1636.8,3665.78,11046.71,4.233
2022-10-21,1656.3,3752.75,11310.33,4.219
2022-10-24,1654.1,3797.34,11430.26,4.247
2022-10-25,1658.0,3859.11,11669.99,4.1
2022-10-26,1669.2,3830.6,11405.9,4.007
2022-10-27,1665.6,3807.3,11191.63,3.927
2022-10-28,1644.8,3901.06,11546.21,4.01
2022-10-31,1640.7,3871.98,11405.57,4.05
2022-11-01,1649.7,3856.1,11288.95,4.048
2022-11-02,1650.0,3759.69,10906.34,4.096
2022-11-03,1630.9,3719.89,10690.6,4.149
2022-11-04,1676.6,3770.55,10857.03,4.163
2022-11-07,1680.5,3806.8,10977.0,4.218
2022-11-08,1716.0,3828.11,11059.5,4.128
2022-11-09,1713.7,3748.57,10797.55,4.099
2022-11-10,1753.7,3956.37,11605.96,3.811
2022-11-14,1776.9,3957.25,11700.94,3.863
2022-11-15,1776.8,3991.73,11871.15,3.777
2022-11-16,1775.8,3958.79,11699.09,3.69
2022-11-17,1763.0,3946.56,11676.86,3.769
2022-11-18,1754.4,3965.34,11677.02,3.829
2022-11-21,1739.6,3949.94,11553.45,3.84
2022-11-22,1739.9,4003.58,11724.84,3.758
2022-11-23,1745.6,4027.26,11838.72,3.689
2022-11-25,1754.0,4026.12,11756.03,3.691
2022-11-28,1740.3,3963.94,11587.75,3.679
2022-11-29,1763.7,3957.63,11503.45,3.75
2022-11-30,1759.9,4080.11,12030.06,3.611
2022-12-01,1815.2,4076.57,12041.9,3.51
2022-12-02,1809.6,4071.7,11994.26,3.492
2022-12-05,1781.3,3998.84,11786.8,3.583
2022-12-06,1782.4,3941.26,11549.68,3.531
2022-12-07,1798.0,3933.92,11497.39,3.421
2022-12-08,1801.5,3963.51,11637.5,3.489
2022-12-09,1810.7,3934.38,11563.33,3.586
2022-12-12,1792.3,3990.56,11706.44,3.617
2022-12-13,1825.5,4019.65,11834.2,3.501
2022-12-14,1818.7,3995.32,11740.92,3.479
2022-12-15,1787.8,3895.75,11345.22,3.45
2022-12-16,1800.2,3852.36,11243.72,3.488
2022-12-19,1797.7,3817.66,11084.59,3.59
2022-12-20,1825.4,3821.62,11072.42,3.692
2022-12-21,1825.4,3878.44,11235.88,3.673
2022-12-22,1795.3,3822.39,10956.14,3.686
2022-12-23,1804.2,3844.82,10985.45,3.751
2022-12-27,1823.1,3829.25,10822.51,3.849
2022-12-28,1815.8,3783.22,10679.34,3.886
2022-12-29,1826.0,3849.28,10951.05,3.82
2022-12-30,1826.2,3839.5,10939.76,3.879
2023-01-03,1846.1,3824.14,10862.64,3.752
2023-01-04,1859.0,3852.97,10914.8,3.69
2023-01-05,1840.6,3808.1,10741.22,3.722
2023-01-06,1869.7,3895.08,11040.35,3.56
2023-01-09,1877.8,3892.09,11108.44,3.527
2023-01-10,1876.5,3919.25,11205.78,3.615
2023-01-11,1878.9,3969.61,11402.52,3.543
2023-01-12,1898.8,3983.17,11459.61,3.444
2023-01-13,1921.7,3999.09,11541.48,3.498
2023-01-17,1907.2,3990.97,11557.19,3.549
2023-01-18,1907.0,3928.86,11410.29,3.373
2023-01-19,1923.9,3898.85,11295.67,3.399
2023-01-20,1928.2,3972.61,11619.03,3.482
2023-01-23,1936.2,4019.81,11872.54,3.521
2023-01-24,1943.1,4016.95,11846.65,3.455
2023-01-25,1950.3,4016.22,11814.69,3.451
2023-01-26,1937.6,4060.43,12051.48,3.506
2023-01-27,1936.6,4070.56,12166.6,3.507
2023-01-30,1922.9,4017.77,11912.39,3.542
2023-01-31,1929.5,4076.6,12101.93,3.51
2023-02-01,1927.8,4119.21,12363.1,3.417
2023-02-02,1916.3,4179.76,12803.14,3.402
2023-02-03,1862.9,4136.48,12573.36,3.519
2023-02-06,1866.2,4111.08,12464.51,3.644
2023-02-07,1871.7,4164.0,12728.27,3.679
2023-02-08,1877.4,4117.86,12495.38,3.615
2023-02-09,1866.2,4081.5,12381.17,3.664
2023-02-10,1862.8,4090.46,12304.92,3.743
2023-02-13,1851.9,4137.29,12502.31,3.704
2023-02-14,1854.0,4136.13,12590.89,3.753
2023-02-15,1834.2,4147.6,12687.89,3.803
2023-02-16,1842.0,4090.41,12442.48,3.863
2023-02-17,1840.4,4079.09,12358.18,3.817
2023-02-21,1842.5,3997.34,12060.3,3.954
2023-02-22,1833.3,3991.05,12066.27,3.927
2023-02-23,1818.8,4012.32,12180.14,3.89
2023-02-24,1809.2,3970.04,11969.65,3.947
2023-02-27,1824.9,3982.24,12057.79,3.922
2023-02-28,1836.7,3970.15,12042.12,3.928
2023-03-01,1845.4,3951.39,11938.57,3.994
2023-03-02,1840.5,3981.35,12044.87,4.062
2023-03-03,1854.6,4045.64,12290.81,3.958
2023-03-06,1854.6,4048.42,12302.48,3.964
2023-03-07,1820.0,3986.37,12152.17,3.97
2023-03-08,1818.6,3992.01,12215.33,3.989
2023-03-09,1834.6,3918.32,11995.88,3.907
2023-03-10,1867.2,3861.59,11830.28,3.704
2023-03-13,1916.5,3855.76,11923.17,3.545
2023-03-14,1910.9,3920.56,12199.79,3.685
2023-03-15,1948.1,3891.93,12251.32,3.462
2023-03-16,1939.7,3960.28,12581.39,3.579
2023-03-17,1990.2,3916.64,12519.88,3.438
2023-03-20,1999.7,3951.57,12562.61,3.483
2023-03-21,1958.3,4002.87,12741.44,3.608
2023-03-22,1966.6,3936.97,12567.15,3.451
2023-03-23,2013.3,3948.72,12729.23,3.414
2023-03-24,2001.7,3970.99,12767.05,3.372
2023-03-27,1971.5,3977.53,12673.07,3.539
2023-03-28,1973.5,3971.27,12610.57,3.572
2023-03-29,1966.9,4027.81,12846.03,3.566
2023-03-30,1980.3,4050.83,12963.14,3.547
2023-03-31,1969.0,4109.31,13181.35,3.473
2023-04-03,1983.9,4124.51,13148.35,3.415
2023-04-04,2022.2,4100.6,13100.08,3.339
2023-04-05,2020.9,4090.38,12967.2,3.309
2023-04-06,2011.9,4105.02,13062.6,3.303
2023-04-10,1989.1,4109.11,13051.23,3.415
2023-04-11,2004.8,4108.94,12964.16,3.432
2023-04-12,2010.9,4091.95,12848.35,3.4
2023-04-13,2041.3,4146.22,13109.39,3.449
2023-04-14,2002.2,4137.64,13079.52,3.515
2023-04-17,1994.2,4151.32,13087.71,3.606
2023-04-18,2010.3,4154.87,13091.79,3.578
2023-04-19,1998.0,4154.52,13088.72,3.591
2023-04-20,2009.8,4129.79,12985.98,3.536
2023-04-21,1981.3,4133.52,13000.77,3.568
2023-04-24,1990.6,4137.04,12969.76,3.496
2023-04-25,1995.1,4071.63,12725.11,3.4
2023-04-26,1986.9,4055.99,12806.49,3.445
2023-04-27,1999.0,4135.35,13160.03,3.528
2023-04-28,1999.1,4169.48,13245.99,3.433
2023-05-01,1992.2,4167.87,13231.47,3.57
2023-05-02,2023.3,4119.58,13113.66,3.433
2023-05-03,2037.0,4090.75,13030.21,3.364
2023-05-04,2055.7,4061.22,12982.48,3.377
2023-05-05,2024.8,4136.25,13259.13,3.435
2023-05-08,2033.2,4138.12,13291.64,3.507
2023-05-09,2042.9,4119.17,13201.11,3.522
2023-05-10,2037.1,4137.64,13347.83,3.439
2023-05-11,2020.5,4130.62,13389.78,3.386
2023-05-12,2019.8,4124.08,13340.17,3.463
2023-05-15,2018.0,4136.28,13413.51,3.507
2023-05-16,1988.4,4109.9,13426.01,3.541
2023-05-17,1980.7,4158.77,13589.26,3.572
2023-05-18,1956.5,4198.05,13834.62,3.651
2023-05-19,1978.7,4191.98,13803.49,3.682
2023-05-22,1974.8,4192.63,13849.74,3.719
2023-05-23,1972.4,4145.58,13672.54,3.698
2023-05-24,1962.8,4115.24,13604.48,3.744
2023-05-25,1943.1,4151.28,13938.53,3.823
2023-05-26,1963.1,4205.45,14298.41,3.81
2023-05-30,1977.1,4205.52,14354.99,3.694
2023-05-31,1982.1,4179.83,14254.09,3.646
2023-06-01,1995.5,4221.02,14441.51,3.601
2023-06-02,1969.6,4282.37,14546.64,3.698
2023-06-05,1974.3,4273.79,14556.5,3.689
2023-06-06,1981.5,4283.85,14558.09,3.677
2023-06-07,1958.4,4267.52,14303.29,3.793
2023-06-08,1978.6,4293.93,14484.54,3.718
2023-06-09,1977.2,4298.86,14528.36,3.743
2023-06-12,1969.7,4338.93,14784.3,3.743
2023-06-13,1958.6,4369.01,14900.85,3.827
2023-06-14,1968.9,4372.59,15005.69,3.79
2023-06-15,1961.8,4425.84,15185.48,3.72
2023-06-16,1962.2,4409.59,15083.92,3.767
2023-06-20,1938.9,4388.71,15070.15,3.719
2023-06-21,1936.1,4365.69,14867.45,3.727
2023-06-22,1915.0,4381.89,15042.32,3.797
2023-06-23,1921.0,4348.33,14891.48,3.737
2023-06-26,1925.1,4328.82,14689.02,3.723
2023-06-27,1915.1,4378.41,14945.91,3.772
2023-06-28,1913.4,4376.86,14964.58,3.714
2023-06-29,1917.9,4396.44,14939.95,3.842
2023-06-30,1929.4,4450.38,15179.21,3.841
2023-07-03,1929.5,4455.59,15208.69,3.858
2023-07-05,1927.1,4446.82,15203.78,3.934
2023-07-06,1915.4,4411.59,15089.45,4.031
2023-07-07,1932.5,4398.95,15036.85,4.066
2023-07-10,1931.0,4409.53,15045.64,4.0
2023-07-11,1937.1,4439.26,15119.06,3.978
2023-07-12,1961.7,4472.16,15307.23,3.861
2023-07-13,1963.8,4510.04,15571.98,3.767
2023-07-14,1964.4,4505.42,15565.6,3.83
2023-07-17,1956.4,4522.79,15713.28,3.809
2023-07-18,1980.8,4554.98,15841.35,3.789
2023-07-19,1980.8,4565.72,15826.35,3.748
2023-07-20,1970.9,4534.87,15466.09,3.856
2023-07-21,1966.6,4536.34,15425.67,3.837
2023-07-24,1981.6,4554.64,15448.02,3.878
2023-07-25,1983.1,4567.46,15561.42,3.89
2023-07-26,1989.7,4566.75,15499.26,3.873
2023-07-27,1965.3,4537.41,15464.93,4.002
2023-07-28,1999.9,4582.23,15750.93,3.957
2023-07-31,2009.2,4588.96,15757.0,3.967
2023-08-01,1978.8,4576.73,15718.01,4.037
2023-08-02,1975.0,4513.39,15370.74,4.09
2023-08-03,1968.8,4501.89,15353.54,4.179
2023-08-04,1976.1,4478.03,15274.92,4.042
2023-08-07,1970.0,4518.44,15407.85,4.097
2023-08-08,1959.9,4499.38,15273.05,4.028
2023-08-09,1950.6,4467.71,15101.71,4.016
2023-08-10,1948.9,4468.83,15128.84,4.107
2023-08-11,1946.6,4464.05,15028.07,4.158
2023-08-14,1944.0,4489.72,15205.58,4.201
2023-08-15,1935.2,4437.86,15037.65,4.219
2023-08-16,1928.3,4404.33,14876.47,4.258
2023-08-17,1915.2,4370.36,14715.81,4.284
2023-08-18,1916.5,4369.71,14694.84,4.251
2023-08-21,1923.0,4399.77,14936.69,4.342
2023-08-22,1926.0,4387.55,14908.96,4.332
2023-08-23,1948.1,4436.01,15148.06,4.196
2023-08-24,1947.1,4376.31,14816.44,4.241
2023-08-25,1939.9,4405.71,14941.83,4.231
2023-08-28,1946.8,4433.31,15052.46,4.206
2023-08-29,1965.1,4497.63,15376.55,4.12
2023-08-30,1973.0,4514.87,15462.43,4.112
2023-08-31,1965.9,4507.66,15501.07,4.106
2023-09-01,1967.1,4515.77,15490.86,4.181
2023-09-05,1952.6,4496.83,15508.24,4.266
2023-09-06,1944.2,4465.48,15371.44,4.296
2023-09-07,1942.5,4451.14,15258.52,4.25
2023-09-08,1942.7,4457.49,15280.23,4.26
2023-09-11,1947.2,4487.46,15461.87,4.294
2023-09-12,1935.1,4461.9,15289.74,4.28
2023-09-13,1932.5,4467.44,15348.53,4.254
2023-09-14,1932.8,4505.1,15473.89,4.286
2023-09-15,1946.2,4450.32,15202.4,4.336
2023-09-18,1953.4,4453.53,15225.37,4.303
2023-09-19,1953.7,4443.95,15191.23,4.365
2023-09-20,1967.1,4402.2,14969.92,4.399
2023-09-21,1939.6,4330.0,14694.24,4.494
2023-09-22,1945.6,4320.06,14701.1,4.438
2023-09-25,1936.6,4337.44,14768.89,4.531
2023-09-26,1919.8,4273.53,14545.83,4.55
2023-09-27,1890.9,4274.51,14580.16,4.608
2023-09-28,1878.6,4299.7,14702.77,4.579
2023-09-29,1866.1,4288.05,14715.24,4.579
2023-10-02,1847.2,4288.39,14837.57,4.685
2023-10-03,1841.5,4229.45,14565.62,4.795
2023-10-04,1834.8,4263.75,14776.25,4.735
2023-10-05,1831.8,4258.19,14723.22,4.721
2023-10-06,1845.2,4308.5,14973.24,4.795
2023-10-09,1864.3,4335.66,15047.16,4.628
2023-10-10,1875.3,4358.24,15131.52,4.657
2023-10-11,1887.3,4376.95,15241.12,4.558
2023-10-12,1883.0,4349.61,15184.1,4.697
2023-10-13,1941.5,4327.78,14995.12,4.616
2023-10-16,1934.3,4373.63,15172.73,4.7
2023-10-17,1935.7,4373.2,15122.01,4.836
2023-10-18,1968.3,4314.6,14909.26,4.911
2023-10-19,1980.5,4278.0,14783.13,4.99
2023-10-20,1994.4,4224.16,14560.88,4.914
2023-10-23,1978.2,4217.04,14604.85,4.848
2023-10-24,1976.8,4247.68,14745.86,4.819
2023-10-25,1985.5,4186.77,14381.64,4.961
2023-10-26,1987.9,4137.23,14109.57,4.849
2023-10-27,1989.0,4117.37,14180.42,4.845
2023-10-30,2005.6,4166.82,14335.51,4.888
2023-10-31,1994.3,4193.8,14409.78,4.926
2023-11-01,1987.5,4237.86,14664.91,4.734
2023-11-02,1993.5,4317.78,14919.54,4.661
2023-11-03,1999.2,4358.34,15099.49,4.576
2023-11-06,1988.6,4365.98,15154.93,4.647
2023-11-07,1973.5,4378.38,15296.02,4.569
2023-11-08,1957.8,4382.78,15313.24,4.492
2023-11-09,1969.8,4347.35,15187.9,4.632
2023-11-10,1937.7,4415.24,15529.12,4.646
2023-11-13,1950.2,4411.55,15482.79,4.638
2023-11-14,1966.5,4495.7,15812.47,4.453
2023-11-15,1964.3,4502.88,15817.18,4.537
2023-11-16,1987.3,4508.24,15833.17,4.441
2023-11-17,1984.7,4514.02,15837.99,4.439
2023-11-20,1990.7,4547.38,16027.06,4.426
2023-11-21,2012.0,4538.19,15933.62,4.398
2023-11-22,2003.4,4556.62,16001.39,4.408
2023-11-24,2013.7,4559.34,15980.11,4.472
2023-11-27,2023.1,4550.43,15961.98,4.39
2023-11-28,2050.5,4554.89,16010.43,4.325
2023-11-29,2067.1,4550.58,15987.6,4.259
2023-11-30,2057.2,4567.78,15947.87,4.33
2023-12-01,2089.7,4594.63,15997.58,4.209
2023-12-04,2042.2,4569.78,15839.67,4.259
2023-12-05,2036.3,4567.18,15877.71,4.167
2023-12-06,2047.9,4549.34,15788.05,4.114
2023-12-07,2046.4,4585.59,16022.49,4.148
2023-12-08,2014.5,4604.37,16084.69,4.229
2023-12-11,1993.7,4622.44,16221.74,4.237
2023-12-12,1983.9,4643.7,16354.25,4.21
2023-12-13,1988.1,4707.09,16562.37,4.024
2023-12-14,2035.2,4719.55,16537.83,3.921
2023-12-15,2026.0,4719.19,16623.45,3.915
2023-12-18,2030.9,4740.56,16729.8,3.935
2023-12-19,2042.6,4768.37,16811.86,3.931
2023-12-20,2038.1,4701.19,16554.16,3.853
2023-12-21,2041.8,4746.75,16757.41,3.892
2023-12-22,2059.6,4754.63,16777.4,3.901
2023-12-26,2060.4,4774.75,16878.46,3.897
2023-12-27,2083.4,4781.58,16906.8,3.789
2023-12-28,2083.5,4783.35,16898.47,3.846
2023-12-29,2071.8,4769.83,16825.93,3.866
